seqwrite,localfs,3,5000000,0.0171399116516
randwrite,localfs,3,5000000,0.034126996994
seqread,localfs,3,5000000,0.00916600227356
randread,localfs,3,5000000,0.0166289806366
seqwrite,localfs,3,5000000,0.0194628238678
randwrite,localfs,3,5000000,0.0334000587463
seqread,localfs,3,5000000,0.00713896751404
randread,localfs,3,5000000,0.0128509998322
seqwrite,localfs,3,5000000,0.0177941322327
randwrite,localfs,3,5000000,0.0339457988739
seqread,localfs,3,5000000,0.00956583023071
randread,localfs,3,5000000,0.0163788795471
seqwrite,localfs,3,5000000,0.0198922157288
randwrite,localfs,3,5000000,0.0411520004272
seqread,localfs,3,5000000,0.00769209861755
randread,localfs,3,5000000,0.0140597820282
seqwrite,localfs,3,5000000,0.0196721553802
randwrite,localfs,3,5000000,0.0333449840546
seqread,localfs,3,5000000,0.00969099998474
randread,localfs,3,5000000,0.0166699886322
seqwrite,localfs,3,5000000,0.019366979599
randwrite,localfs,3,5000000,0.033075094223
seqread,localfs,3,5000000,0.0122020244598
randread,localfs,3,5000000,0.0168380737305
seqwrite,localfs,3,5000000,0.0197739601135
randwrite,localfs,3,5000000,0.0332679748535
seqread,localfs,3,5000000,0.00773596763611
randread,localfs,3,5000000,0.016991853714
seqwrite,localfs,3,5000000,0.0195779800415
randwrite,localfs,3,5000000,0.0328540802002
seqread,localfs,3,5000000,0.00772309303284
randread,localfs,3,5000000,0.0175440311432
seqwrite,localfs,3,5000000,0.0190939903259
randwrite,localfs,3,5000000,0.0384511947632
seqread,localfs,3,5000000,0.00749707221985
randread,localfs,3,5000000,0.0165889263153
seqwrite,localfs,3,5000000,0.0196151733398
randwrite,localfs,3,5000000,0.0333740711212
seqread,localfs,3,5000000,0.00745296478271
randread,localfs,3,5000000,0.0173268318176
seqwrite,berkeleydb,3,5000000,1.94500398636
randwrite,berkeleydb,3,5000000,1.15375590324
seqread,berkeleydb,3,5000000,0.0887629985809
randread,berkeleydb,3,5000000,0.105360031128
seqwrite,berkeleydb,3,5000000,1.15135908127
randwrite,berkeleydb,3,5000000,1.18782305717
seqread,berkeleydb,3,5000000,0.0914041996002
randread,berkeleydb,3,5000000,0.109477043152
seqwrite,berkeleydb,3,5000000,1.16716480255
randwrite,berkeleydb,3,5000000,1.16899490356
seqread,berkeleydb,3,5000000,0.0903429985046
randread,berkeleydb,3,5000000,0.107119083405
seqwrite,berkeleydb,3,5000000,1.1436560154
randwrite,berkeleydb,3,5000000,1.15262007713
seqread,berkeleydb,3,5000000,0.0851590633392
randread,berkeleydb,3,5000000,0.108801841736
seqwrite,berkeleydb,3,5000000,1.15865898132
randwrite,berkeleydb,3,5000000,1.15823912621
seqread,berkeleydb,3,5000000,0.0848250389099
randread,berkeleydb,3,5000000,0.11607003212
seqwrite,berkeleydb,3,5000000,1.13936686516
randwrite,berkeleydb,3,5000000,1.16866707802
seqread,berkeleydb,3,5000000,0.0908839702606
randread,berkeleydb,3,5000000,0.103672981262
seqwrite,berkeleydb,3,5000000,1.15300393105
randwrite,berkeleydb,3,5000000,1.17318797112
seqread,berkeleydb,3,5000000,0.0908591747284
randread,berkeleydb,3,5000000,0.106559991837
seqwrite,berkeleydb,3,5000000,1.14277982712
randwrite,berkeleydb,3,5000000,1.19224619865
seqread,berkeleydb,3,5000000,0.0941298007965
randread,berkeleydb,3,5000000,0.108868837357
seqwrite,berkeleydb,3,5000000,1.14868998528
randwrite,berkeleydb,3,5000000,1.16167497635
seqread,berkeleydb,3,5000000,0.0916368961334
randread,berkeleydb,3,5000000,0.10764503479
seqwrite,berkeleydb,3,5000000,1.15399003029
randwrite,berkeleydb,3,5000000,1.17924809456
seqread,berkeleydb,3,5000000,0.0864868164062
randread,berkeleydb,3,5000000,0.106549978256
seqwrite,localfs,3,4750000,0.0143189430237
randwrite,localfs,3,4750000,0.0314788818359
seqread,localfs,3,4750000,0.00817584991455
randread,localfs,3,4750000,0.0161271095276
seqwrite,localfs,3,4750000,0.0130639076233
randwrite,localfs,3,4750000,0.0313181877136
seqread,localfs,3,4750000,0.00727891921997
randread,localfs,3,4750000,0.0159800052643
seqwrite,localfs,3,4750000,0.0135390758514
randwrite,localfs,3,4750000,0.0359621047974
seqread,localfs,3,4750000,0.0107879638672
randread,localfs,3,4750000,0.0157980918884
seqwrite,localfs,3,4750000,0.0188910961151
randwrite,localfs,3,4750000,0.0162010192871
seqread,localfs,3,4750000,0.00619387626648
randread,localfs,3,4750000,0.0153348445892
seqwrite,localfs,3,4750000,0.0188689231873
randwrite,localfs,3,4750000,0.0314791202545
seqread,localfs,3,4750000,0.00869393348694
randread,localfs,3,4750000,0.0161349773407
seqwrite,localfs,3,4750000,0.0174250602722
randwrite,localfs,3,4750000,0.0316438674927
seqread,localfs,3,4750000,0.00703501701355
randread,localfs,3,4750000,0.0160961151123
seqwrite,localfs,3,4750000,0.0130610466003
randwrite,localfs,3,4750000,0.0390980243683
seqread,localfs,3,4750000,0.00677585601807
randread,localfs,3,4750000,0.0162010192871
seqwrite,localfs,3,4750000,0.0185708999634
randwrite,localfs,3,4750000,0.0316669940948
seqread,localfs,3,4750000,0.00970101356506
randread,localfs,3,4750000,0.0159339904785
seqwrite,localfs,3,4750000,0.0133938789368
randwrite,localfs,3,4750000,0.0313699245453
seqread,localfs,3,4750000,0.00738382339478
randread,localfs,3,4750000,0.0156290531158
seqwrite,localfs,3,4750000,0.0185091495514
randwrite,localfs,3,4750000,0.0311379432678
seqread,localfs,3,4750000,0.0109720230103
randread,localfs,3,4750000,0.0159130096436
seqwrite,berkeleydb,3,4750000,1.83620691299
randwrite,berkeleydb,3,4750000,1.09599590302
seqread,berkeleydb,3,4750000,0.0849928855896
randread,berkeleydb,3,4750000,0.100280046463
seqwrite,berkeleydb,3,4750000,1.09459590912
randwrite,berkeleydb,3,4750000,1.13458108902
seqread,berkeleydb,3,4750000,0.087329864502
randread,berkeleydb,3,4750000,0.100821971893
seqwrite,berkeleydb,3,4750000,1.10715007782
randwrite,berkeleydb,3,4750000,1.12820100784
seqread,berkeleydb,3,4750000,0.0803861618042
randread,berkeleydb,3,4750000,0.101406812668
seqwrite,berkeleydb,3,4750000,1.0830039978
randwrite,berkeleydb,3,4750000,1.10854101181
seqread,berkeleydb,3,4750000,0.0866198539734
randread,berkeleydb,3,4750000,0.102046012878
seqwrite,berkeleydb,3,4750000,1.10321903229
randwrite,berkeleydb,3,4750000,1.11511993408
seqread,berkeleydb,3,4750000,0.080757856369
randread,berkeleydb,3,4750000,0.10098195076
seqwrite,berkeleydb,3,4750000,1.09133505821
randwrite,berkeleydb,3,4750000,1.11209201813
seqread,berkeleydb,3,4750000,0.0873990058899
randread,berkeleydb,3,4750000,0.103567123413
seqwrite,berkeleydb,3,4750000,1.09631896019
randwrite,berkeleydb,3,4750000,1.13815903664
seqread,berkeleydb,3,4750000,0.0873329639435
randread,berkeleydb,3,4750000,0.104186058044
seqwrite,berkeleydb,3,4750000,1.09193205833
randwrite,berkeleydb,3,4750000,1.12697696686
seqread,berkeleydb,3,4750000,0.0872881412506
randread,berkeleydb,3,4750000,0.103898048401
seqwrite,berkeleydb,3,4750000,1.10254812241
randwrite,berkeleydb,3,4750000,1.118090868
seqread,berkeleydb,3,4750000,0.0802710056305
randread,berkeleydb,3,4750000,0.103024959564
seqwrite,berkeleydb,3,4750000,1.09351801872
randwrite,berkeleydb,3,4750000,1.11672616005
seqread,berkeleydb,3,4750000,0.0880060195923
randread,berkeleydb,3,4750000,0.104161977768
seqwrite,localfs,3,4500000,0.0129859447479
randwrite,localfs,3,4500000,0.031005859375
seqread,localfs,3,4500000,0.00772190093994
randread,localfs,3,4500000,0.0101618766785
seqwrite,localfs,3,4500000,0.0124750137329
randwrite,localfs,3,4500000,0.0349581241608
seqread,localfs,3,4500000,0.00684785842896
randread,localfs,3,4500000,0.0156421661377
seqwrite,localfs,3,4500000,0.0162150859833
randwrite,localfs,3,4500000,0.0294489860535
seqread,localfs,3,4500000,0.0112121105194
randread,localfs,3,4500000,0.0145637989044
seqwrite,localfs,3,4500000,0.0174059867859
randwrite,localfs,3,4500000,0.0344200134277
seqread,localfs,3,4500000,0.0107839107513
randread,localfs,3,4500000,0.0138149261475
seqwrite,localfs,3,4500000,0.0178399085999
randwrite,localfs,3,4500000,0.029324054718
seqread,localfs,3,4500000,0.00666117668152
randread,localfs,3,4500000,0.0105121135712
seqwrite,localfs,3,4500000,0.0128118991852
randwrite,localfs,3,4500000,0.0301489830017
seqread,localfs,3,4500000,0.0116949081421
randread,localfs,3,4500000,0.0147089958191
seqwrite,localfs,3,4500000,0.017872095108
randwrite,localfs,3,4500000,0.0297050476074
seqread,localfs,3,4500000,0.00769805908203
randread,localfs,3,4500000,0.0150980949402
seqwrite,localfs,3,4500000,0.0178349018097
randwrite,localfs,3,4500000,0.0295920372009
seqread,localfs,3,4500000,0.00669622421265
randread,localfs,3,4500000,0.0152428150177
seqwrite,localfs,3,4500000,0.0182011127472
randwrite,localfs,3,4500000,0.035108089447
seqread,localfs,3,4500000,0.00692701339722
randread,localfs,3,4500000,0.0147387981415
seqwrite,localfs,3,4500000,0.0178241729736
randwrite,localfs,3,4500000,0.0350542068481
seqread,localfs,3,4500000,0.00724697113037
randread,localfs,3,4500000,0.0157980918884
seqwrite,berkeleydb,3,4500000,1.74008488655
randwrite,berkeleydb,3,4500000,1.05318617821
seqread,berkeleydb,3,4500000,0.0820751190186
randread,berkeleydb,3,4500000,0.0939571857452
seqwrite,berkeleydb,3,4500000,1.03039717674
randwrite,berkeleydb,3,4500000,1.05762720108
seqread,berkeleydb,3,4500000,0.0820078849792
randread,berkeleydb,3,4500000,0.0966501235962
seqwrite,berkeleydb,3,4500000,1.03871512413
randwrite,berkeleydb,3,4500000,1.07263994217
seqread,berkeleydb,3,4500000,0.0788149833679
randread,berkeleydb,3,4500000,0.0922310352325
seqwrite,berkeleydb,3,4500000,1.03662991524
randwrite,berkeleydb,3,4500000,1.06600499153
seqread,berkeleydb,3,4500000,0.082839012146
randread,berkeleydb,3,4500000,0.0985400676727
seqwrite,berkeleydb,3,4500000,1.03491687775
randwrite,berkeleydb,3,4500000,1.06324195862
seqread,berkeleydb,3,4500000,0.0823068618774
randread,berkeleydb,3,4500000,0.100293874741
seqwrite,berkeleydb,3,4500000,1.03552389145
randwrite,berkeleydb,3,4500000,1.08831381798
seqread,berkeleydb,3,4500000,0.077929019928
randread,berkeleydb,3,4500000,0.0971660614014
seqwrite,berkeleydb,3,4500000,1.03840208054
randwrite,berkeleydb,3,4500000,1.05348801613
seqread,berkeleydb,3,4500000,0.0822379589081
randread,berkeleydb,3,4500000,0.0955669879913
seqwrite,berkeleydb,3,4500000,1.04581880569
randwrite,berkeleydb,3,4500000,1.06461906433
seqread,berkeleydb,3,4500000,0.0826408863068
randread,berkeleydb,3,4500000,0.0971510410309
seqwrite,berkeleydb,3,4500000,1.0242099762
randwrite,berkeleydb,3,4500000,1.06597709656
seqread,berkeleydb,3,4500000,0.0828371047974
randread,berkeleydb,3,4500000,0.0951828956604
seqwrite,berkeleydb,3,4500000,1.04206395149
randwrite,berkeleydb,3,4500000,1.05870103836
seqread,berkeleydb,3,4500000,0.082328081131
randread,berkeleydb,3,4500000,0.0966100692749
seqwrite,localfs,3,4250000,0.0131230354309
randwrite,localfs,3,4250000,0.0285420417786
seqread,localfs,3,4250000,0.00552010536194
randread,localfs,3,4250000,0.00979995727539
seqwrite,localfs,3,4250000,0.0120060443878
randwrite,localfs,3,4250000,0.0329449176788
seqread,localfs,3,4250000,0.00654006004333
randread,localfs,3,4250000,0.0149710178375
seqwrite,localfs,3,4250000,0.0143749713898
randwrite,localfs,3,4250000,0.0385248661041
seqread,localfs,3,4250000,0.00794506072998
randread,localfs,3,4250000,0.0149059295654
seqwrite,localfs,3,4250000,0.0170359611511
randwrite,localfs,3,4250000,0.0280120372772
seqread,localfs,3,4250000,0.00918316841125
randread,localfs,3,4250000,0.0149929523468
seqwrite,localfs,3,4250000,0.011736869812
randwrite,localfs,3,4250000,0.0331599712372
seqread,localfs,3,4250000,0.00657296180725
randread,localfs,3,4250000,0.00960612297058
seqwrite,localfs,3,4250000,0.0173470973969
randwrite,localfs,3,4250000,0.0276679992676
seqread,localfs,3,4250000,0.00677609443665
randread,localfs,3,4250000,0.0150520801544
seqwrite,localfs,3,4250000,0.0170781612396
randwrite,localfs,3,4250000,0.0279901027679
seqread,localfs,3,4250000,0.00757503509521
randread,localfs,3,4250000,0.0149939060211
seqwrite,localfs,3,4250000,0.0169107913971
randwrite,localfs,3,4250000,0.0279150009155
seqread,localfs,3,4250000,0.00676298141479
randread,localfs,3,4250000,0.0144670009613
seqwrite,localfs,3,4250000,0.016979932785
randwrite,localfs,3,4250000,0.028235912323
seqread,localfs,3,4250000,0.0062460899353
randread,localfs,3,4250000,0.0150258541107
seqwrite,localfs,3,4250000,0.0171949863434
randwrite,localfs,3,4250000,0.0280251502991
seqread,localfs,3,4250000,0.0119249820709
randread,localfs,3,4250000,0.0149598121643
seqwrite,berkeleydb,3,4250000,1.63877010345
randwrite,berkeleydb,3,4250000,0.979990005493
seqread,berkeleydb,3,4250000,0.0721099376678
randread,berkeleydb,3,4250000,0.0896000862122
seqwrite,berkeleydb,3,4250000,0.993336200714
randwrite,berkeleydb,3,4250000,1.01002788544
seqread,berkeleydb,3,4250000,0.0775861740112
randread,berkeleydb,3,4250000,0.0883440971375
seqwrite,berkeleydb,3,4250000,0.986016988754
randwrite,berkeleydb,3,4250000,1.00444102287
seqread,berkeleydb,3,4250000,0.0726239681244
randread,berkeleydb,3,4250000,0.0916640758514
seqwrite,berkeleydb,3,4250000,0.976454973221
randwrite,berkeleydb,3,4250000,0.997003078461
seqread,berkeleydb,3,4250000,0.0783932209015
randread,berkeleydb,3,4250000,0.0921249389648
seqwrite,berkeleydb,3,4250000,0.989701986313
randwrite,berkeleydb,3,4250000,1.0150039196
seqread,berkeleydb,3,4250000,0.0789670944214
randread,berkeleydb,3,4250000,0.090765953064
seqwrite,berkeleydb,3,4250000,0.981323957443
randwrite,berkeleydb,3,4250000,0.999130010605
seqread,berkeleydb,3,4250000,0.0790798664093
randread,berkeleydb,3,4250000,0.0911130905151
seqwrite,berkeleydb,3,4250000,0.981293916702
randwrite,berkeleydb,3,4250000,1.01185703278
seqread,berkeleydb,3,4250000,0.0781948566437
randread,berkeleydb,3,4250000,0.0919098854065
seqwrite,berkeleydb,3,4250000,0.985299110413
randwrite,berkeleydb,3,4250000,1.00408315659
seqread,berkeleydb,3,4250000,0.0780169963837
randread,berkeleydb,3,4250000,0.0910329818726
seqwrite,berkeleydb,3,4250000,0.987546920776
randwrite,berkeleydb,3,4250000,1.01790094376
seqread,berkeleydb,3,4250000,0.0792708396912
randread,berkeleydb,3,4250000,0.0856459140778
seqwrite,berkeleydb,3,4250000,0.980826854706
randwrite,berkeleydb,3,4250000,1.0176680088
seqread,berkeleydb,3,4250000,0.0790638923645
randread,berkeleydb,3,4250000,0.0909678936005
seqwrite,localfs,3,4000000,0.017126083374
randwrite,localfs,3,4000000,0.0300478935242
seqread,localfs,3,4000000,0.00619411468506
randread,localfs,3,4000000,0.00891780853271
seqwrite,localfs,3,4000000,0.011127948761
randwrite,localfs,3,4000000,0.0256521701813
seqread,localfs,3,4000000,0.0113599300385
randread,localfs,3,4000000,0.0133519172668
seqwrite,localfs,3,4000000,0.016040802002
randwrite,localfs,3,4000000,0.0275299549103
seqread,localfs,3,4000000,0.0100479125977
randread,localfs,3,4000000,0.0142021179199
seqwrite,localfs,3,4000000,0.0165929794312
randwrite,localfs,3,4000000,0.0326418876648
seqread,localfs,3,4000000,0.0100028514862
randread,localfs,3,4000000,0.0143299102783
seqwrite,localfs,3,4000000,0.0164999961853
randwrite,localfs,3,4000000,0.0263478755951
seqread,localfs,3,4000000,0.00647497177124
randread,localfs,3,4000000,0.00888991355896
seqwrite,localfs,3,4000000,0.0166277885437
randwrite,localfs,3,4000000,0.0265300273895
seqread,localfs,3,4000000,0.00744700431824
randread,localfs,3,4000000,0.0142321586609
seqwrite,localfs,3,4000000,0.0167188644409
randwrite,localfs,3,4000000,0.0262749195099
seqread,localfs,3,4000000,0.00726985931396
randread,localfs,3,4000000,0.013444185257
seqwrite,localfs,3,4000000,0.0164568424225
randwrite,localfs,3,4000000,0.0264539718628
seqread,localfs,3,4000000,0.00590300559998
randread,localfs,3,4000000,0.00919699668884
seqwrite,localfs,3,4000000,0.0115699768066
randwrite,localfs,3,4000000,0.0262780189514
seqread,localfs,3,4000000,0.00919008255005
randread,localfs,3,4000000,0.0144691467285
seqwrite,localfs,3,4000000,0.0166120529175
randwrite,localfs,3,4000000,0.0262680053711
seqread,localfs,3,4000000,0.00766396522522
randread,localfs,3,4000000,0.0133361816406
seqwrite,berkeleydb,3,4000000,1.54312801361
randwrite,berkeleydb,3,4000000,0.92223906517
seqread,berkeleydb,3,4000000,0.0719790458679
randread,berkeleydb,3,4000000,0.080197095871
seqwrite,berkeleydb,3,4000000,0.928699016571
randwrite,berkeleydb,3,4000000,0.950114965439
seqread,berkeleydb,3,4000000,0.0733759403229
randread,berkeleydb,3,4000000,0.0868220329285
seqwrite,berkeleydb,3,4000000,0.931329965591
randwrite,berkeleydb,3,4000000,0.952362060547
seqread,berkeleydb,3,4000000,0.0740511417389
randread,berkeleydb,3,4000000,0.086718082428
seqwrite,berkeleydb,3,4000000,0.933913946152
randwrite,berkeleydb,3,4000000,0.945320129395
seqread,berkeleydb,3,4000000,0.0748269557953
randread,berkeleydb,3,4000000,0.085312128067
seqwrite,berkeleydb,3,4000000,0.939940929413
randwrite,berkeleydb,3,4000000,0.954885959625
seqread,berkeleydb,3,4000000,0.0741539001465
randread,berkeleydb,3,4000000,0.0867111682892
seqwrite,berkeleydb,3,4000000,0.925786972046
randwrite,berkeleydb,3,4000000,0.937471866608
seqread,berkeleydb,3,4000000,0.0678858757019
randread,berkeleydb,3,4000000,0.0858089923859
seqwrite,berkeleydb,3,4000000,0.932549953461
randwrite,berkeleydb,3,4000000,0.948163032532
seqread,berkeleydb,3,4000000,0.0742750167847
randread,berkeleydb,3,4000000,0.0814180374146
seqwrite,berkeleydb,3,4000000,0.923856973648
randwrite,berkeleydb,3,4000000,0.946849107742
seqread,berkeleydb,3,4000000,0.0747158527374
randread,berkeleydb,3,4000000,0.0860600471497
seqwrite,berkeleydb,3,4000000,0.927271127701
randwrite,berkeleydb,3,4000000,0.959154129028
seqread,berkeleydb,3,4000000,0.0783689022064
randread,berkeleydb,3,4000000,0.0831871032715
seqwrite,berkeleydb,3,4000000,0.910331964493
randwrite,berkeleydb,3,4000000,0.939239025116
seqread,berkeleydb,3,4000000,0.0749208927155
randread,berkeleydb,3,4000000,0.087522983551
seqwrite,localfs,3,3750000,0.0158560276031
randwrite,localfs,3,3750000,0.024493932724
seqread,localfs,3,3750000,0.00660705566406
randread,localfs,3,3750000,0.0140190124512
seqwrite,localfs,3,3750000,0.0155098438263
randwrite,localfs,3,3750000,0.02423787117
seqread,localfs,3,3750000,0.0100758075714
randread,localfs,3,3750000,0.00850200653076
seqwrite,localfs,3,3750000,0.0107228755951
randwrite,localfs,3,3750000,0.0260088443756
seqread,localfs,3,3750000,0.00556206703186
randread,localfs,3,3750000,0.00892782211304
seqwrite,localfs,3,3750000,0.0155870914459
randwrite,localfs,3,3750000,0.0245788097382
seqread,localfs,3,3750000,0.00705480575562
randread,localfs,3,3750000,0.0136950016022
seqwrite,localfs,3,3750000,0.0156579017639
randwrite,localfs,3,3750000,0.0240688323975
seqread,localfs,3,3750000,0.0124011039734
randread,localfs,3,3750000,0.0133950710297
seqwrite,localfs,3,3750000,0.015438079834
randwrite,localfs,3,3750000,0.0289919376373
seqread,localfs,3,3750000,0.00658392906189
randread,localfs,3,3750000,0.0140461921692
seqwrite,localfs,3,3750000,0.0161190032959
randwrite,localfs,3,3750000,0.0249030590057
seqread,localfs,3,3750000,0.00898599624634
randread,localfs,3,3750000,0.0139479637146
seqwrite,localfs,3,3750000,0.0159499645233
randwrite,localfs,3,3750000,0.0245788097382
seqread,localfs,3,3750000,0.00949001312256
randread,localfs,3,3750000,0.00851011276245
seqwrite,localfs,3,3750000,0.015967130661
randwrite,localfs,3,3750000,0.02459192276
seqread,localfs,3,3750000,0.00674200057983
randread,localfs,3,3750000,0.00851607322693
seqwrite,localfs,3,3750000,0.0105020999908
randwrite,localfs,3,3750000,0.0244498252869
seqread,localfs,3,3750000,0.0096070766449
randread,localfs,3,3750000,0.0137910842896
seqwrite,berkeleydb,3,3750000,1.4280090332
randwrite,berkeleydb,3,3750000,0.876930952072
seqread,berkeleydb,3,3750000,0.0628488063812
randread,berkeleydb,3,3750000,0.0807709693909
seqwrite,berkeleydb,3,3750000,0.863137960434
randwrite,berkeleydb,3,3750000,0.895350933075
seqread,berkeleydb,3,3750000,0.0695469379425
randread,berkeleydb,3,3750000,0.0796489715576
seqwrite,berkeleydb,3,3750000,0.877393007278
randwrite,berkeleydb,3,3750000,0.882199048996
seqread,berkeleydb,3,3750000,0.0712239742279
randread,berkeleydb,3,3750000,0.0807120800018
seqwrite,berkeleydb,3,3750000,0.876468896866
randwrite,berkeleydb,3,3750000,0.886589050293
seqread,berkeleydb,3,3750000,0.0693628787994
randread,berkeleydb,3,3750000,0.0806748867035
seqwrite,berkeleydb,3,3750000,0.878816127777
randwrite,berkeleydb,3,3750000,0.886538982391
seqread,berkeleydb,3,3750000,0.0759289264679
randread,berkeleydb,3,3750000,0.0794739723206
seqwrite,berkeleydb,3,3750000,0.864761829376
randwrite,berkeleydb,3,3750000,0.894069910049
seqread,berkeleydb,3,3750000,0.0698220729828
randread,berkeleydb,3,3750000,0.0820951461792
seqwrite,berkeleydb,3,3750000,0.868490934372
randwrite,berkeleydb,3,3750000,0.880204916
seqread,berkeleydb,3,3750000,0.0711209774017
randread,berkeleydb,3,3750000,0.0765709877014
seqwrite,berkeleydb,3,3750000,0.875561952591
randwrite,berkeleydb,3,3750000,0.892028808594
seqread,berkeleydb,3,3750000,0.0713851451874
randread,berkeleydb,3,3750000,0.080237865448
seqwrite,berkeleydb,3,3750000,0.867089033127
randwrite,berkeleydb,3,3750000,0.887206792831
seqread,berkeleydb,3,3750000,0.0711607933044
randread,berkeleydb,3,3750000,0.08087682724
seqwrite,berkeleydb,3,3750000,0.877558946609
randwrite,berkeleydb,3,3750000,0.883985042572
seqread,berkeleydb,3,3750000,0.0709781646729
randread,berkeleydb,3,3750000,0.0803890228271
seqwrite,localfs,3,3500000,0.0157539844513
randwrite,localfs,3,3500000,0.0232169628143
seqread,localfs,3,3500000,0.0073070526123
randread,localfs,3,3500000,0.0132520198822
seqwrite,localfs,3,3500000,0.0167491436005
randwrite,localfs,3,3500000,0.0232961177826
seqread,localfs,3,3500000,0.00670790672302
randread,localfs,3,3500000,0.0134019851685
seqwrite,localfs,3,3500000,0.0144510269165
randwrite,localfs,3,3500000,0.0218939781189
seqread,localfs,3,3500000,0.00797510147095
randread,localfs,3,3500000,0.0136079788208
seqwrite,localfs,3,3500000,0.00962591171265
randwrite,localfs,3,3500000,0.02885389328
seqread,localfs,3,3500000,0.0065450668335
randread,localfs,3,3500000,0.0123271942139
seqwrite,localfs,3,3500000,0.0154719352722
randwrite,localfs,3,3500000,0.0227110385895
seqread,localfs,3,3500000,0.00616693496704
randread,localfs,3,3500000,0.0132369995117
seqwrite,localfs,3,3500000,0.00968813896179
randwrite,localfs,3,3500000,0.0239329338074
seqread,localfs,3,3500000,0.00503516197205
randread,localfs,3,3500000,0.00847601890564
seqwrite,localfs,3,3500000,0.0153419971466
randwrite,localfs,3,3500000,0.0226559638977
seqread,localfs,3,3500000,0.00601100921631
randread,localfs,3,3500000,0.00766682624817
seqwrite,localfs,3,3500000,0.0153980255127
randwrite,localfs,3,3500000,0.0231680870056
seqread,localfs,3,3500000,0.00589203834534
randread,localfs,3,3500000,0.0134239196777
seqwrite,localfs,3,3500000,0.015291929245
randwrite,localfs,3,3500000,0.0248157978058
seqread,localfs,3,3500000,0.00606083869934
randread,localfs,3,3500000,0.0132820606232
seqwrite,localfs,3,3500000,0.0151770114899
randwrite,localfs,3,3500000,0.0224349498749
seqread,localfs,3,3500000,0.00667881965637
randread,localfs,3,3500000,0.0118470191956
seqwrite,berkeleydb,3,3500000,1.34807991982
randwrite,berkeleydb,3,3500000,0.81956577301
seqread,berkeleydb,3,3500000,0.0654110908508
randread,berkeleydb,3,3500000,0.073853969574
seqwrite,berkeleydb,3,3500000,0.806365013123
randwrite,berkeleydb,3,3500000,0.8342628479
seqread,berkeleydb,3,3500000,0.0586979389191
randread,berkeleydb,3,3500000,0.0758500099182
seqwrite,berkeleydb,3,3500000,0.79772901535
randwrite,berkeleydb,3,3500000,0.829995155334
seqread,berkeleydb,3,3500000,0.0649080276489
randread,berkeleydb,3,3500000,0.073704957962
seqwrite,berkeleydb,3,3500000,0.810425043106
randwrite,berkeleydb,3,3500000,0.817363977432
seqread,berkeleydb,3,3500000,0.065780878067
randread,berkeleydb,3,3500000,0.0766351222992
seqwrite,berkeleydb,3,3500000,0.823508024216
randwrite,berkeleydb,3,3500000,0.839729070663
seqread,berkeleydb,3,3500000,0.0650160312653
randread,berkeleydb,3,3500000,0.0764901638031
seqwrite,berkeleydb,3,3500000,0.810214996338
randwrite,berkeleydb,3,3500000,0.842642068863
seqread,berkeleydb,3,3500000,0.0650880336761
randread,berkeleydb,3,3500000,0.0750479698181
seqwrite,berkeleydb,3,3500000,0.813418149948
randwrite,berkeleydb,3,3500000,0.815465927124
seqread,berkeleydb,3,3500000,0.065211057663
randread,berkeleydb,3,3500000,0.0760669708252
seqwrite,berkeleydb,3,3500000,0.819418907166
randwrite,berkeleydb,3,3500000,0.826035022736
seqread,berkeleydb,3,3500000,0.0652050971985
randread,berkeleydb,3,3500000,0.0757119655609
seqwrite,berkeleydb,3,3500000,0.804780006409
randwrite,berkeleydb,3,3500000,0.832868814468
seqread,berkeleydb,3,3500000,0.0650370121002
randread,berkeleydb,3,3500000,0.0757551193237
seqwrite,berkeleydb,3,3500000,0.814985990524
randwrite,berkeleydb,3,3500000,0.846033811569
seqread,berkeleydb,3,3500000,0.0662159919739
randread,berkeleydb,3,3500000,0.0767848491669
seqwrite,localfs,3,3250000,0.0131750106812
randwrite,localfs,3,3250000,0.0225048065186
seqread,localfs,3,3250000,0.00615286827087
randread,localfs,3,3250000,0.012834072113
seqwrite,localfs,3,3250000,0.00885200500488
randwrite,localfs,3,3250000,0.0262930393219
seqread,localfs,3,3250000,0.00601100921631
randread,localfs,3,3250000,0.00758099555969
seqwrite,localfs,3,3250000,0.0095009803772
randwrite,localfs,3,3250000,0.0236110687256
seqread,localfs,3,3250000,0.00635194778442
randread,localfs,3,3250000,0.0127761363983
seqwrite,localfs,3,3250000,0.0143640041351
randwrite,localfs,3,3250000,0.0263140201569
seqread,localfs,3,3250000,0.00642800331116
randread,localfs,3,3250000,0.0127730369568
seqwrite,localfs,3,3250000,0.0145800113678
randwrite,localfs,3,3250000,0.0214450359344
seqread,localfs,3,3250000,0.00574398040771
randread,localfs,3,3250000,0.0126190185547
seqwrite,localfs,3,3250000,0.0142860412598
randwrite,localfs,3,3250000,0.0218200683594
seqread,localfs,3,3250000,0.005784034729
randread,localfs,3,3250000,0.007159948349
seqwrite,localfs,3,3250000,0.00919103622437
randwrite,localfs,3,3250000,0.0217800140381
seqread,localfs,3,3250000,0.00576686859131
randread,localfs,3,3250000,0.0131049156189
seqwrite,localfs,3,3250000,0.0145831108093
randwrite,localfs,3,3250000,0.0218210220337
seqread,localfs,3,3250000,0.00621485710144
randread,localfs,3,3250000,0.00751900672913
seqwrite,localfs,3,3250000,0.00924801826477
randwrite,localfs,3,3250000,0.0213210582733
seqread,localfs,3,3250000,0.00930714607239
randread,localfs,3,3250000,0.0127251148224
seqwrite,localfs,3,3250000,0.0145499706268
randwrite,localfs,3,3250000,0.0213921070099
seqread,localfs,3,3250000,0.00692701339722
randread,localfs,3,3250000,0.0126850605011
seqwrite,berkeleydb,3,3250000,1.25559902191
randwrite,berkeleydb,3,3250000,0.75213098526
seqread,berkeleydb,3,3250000,0.0552740097046
randread,berkeleydb,3,3250000,0.0701961517334
seqwrite,berkeleydb,3,3250000,0.755951166153
randwrite,berkeleydb,3,3250000,0.763795137405
seqread,berkeleydb,3,3250000,0.0545988082886
randread,berkeleydb,3,3250000,0.0710959434509
seqwrite,berkeleydb,3,3250000,0.760028839111
randwrite,berkeleydb,3,3250000,0.764506101608
seqread,berkeleydb,3,3250000,0.0610821247101
randread,berkeleydb,3,3250000,0.072093963623
seqwrite,berkeleydb,3,3250000,0.764498233795
randwrite,berkeleydb,3,3250000,0.761323928833
seqread,berkeleydb,3,3250000,0.0564119815826
randread,berkeleydb,3,3250000,0.0712141990662
seqwrite,berkeleydb,3,3250000,0.772255897522
randwrite,berkeleydb,3,3250000,0.770325899124
seqread,berkeleydb,3,3250000,0.0565371513367
randread,berkeleydb,3,3250000,0.0730640888214
seqwrite,berkeleydb,3,3250000,0.753391027451
randwrite,berkeleydb,3,3250000,0.77633690834
seqread,berkeleydb,3,3250000,0.0608060359955
randread,berkeleydb,3,3250000,0.0703871250153
seqwrite,berkeleydb,3,3250000,0.758693933487
randwrite,berkeleydb,3,3250000,0.758372068405
seqread,berkeleydb,3,3250000,0.0597870349884
randread,berkeleydb,3,3250000,0.0720551013947
seqwrite,berkeleydb,3,3250000,0.755626916885
randwrite,berkeleydb,3,3250000,0.769489049911
seqread,berkeleydb,3,3250000,0.0548229217529
randread,berkeleydb,3,3250000,0.0714569091797
seqwrite,berkeleydb,3,3250000,0.744065999985
randwrite,berkeleydb,3,3250000,0.770076036453
seqread,berkeleydb,3,3250000,0.0608901977539
randread,berkeleydb,3,3250000,0.0721161365509
seqwrite,berkeleydb,3,3250000,0.759398937225
randwrite,berkeleydb,3,3250000,0.774474143982
seqread,berkeleydb,3,3250000,0.0563669204712
randread,berkeleydb,3,3250000,0.0737190246582
seqwrite,localfs,3,3000000,0.00851011276245
randwrite,localfs,3,3000000,0.0193021297455
seqread,localfs,3,3000000,0.00710010528564
randread,localfs,3,3000000,0.0121788978577
seqwrite,localfs,3,3000000,0.0132489204407
randwrite,localfs,3,3000000,0.0251820087433
seqread,localfs,3,3000000,0.00638699531555
randread,localfs,3,3000000,0.0123190879822
seqwrite,localfs,3,3000000,0.0112359523773
randwrite,localfs,3,3000000,0.0248091220856
seqread,localfs,3,3000000,0.00561380386353
randread,localfs,3,3000000,0.012274980545
seqwrite,localfs,3,3000000,0.0141479969025
randwrite,localfs,3,3000000,0.0231630802155
seqread,localfs,3,3000000,0.00683093070984
randread,localfs,3,3000000,0.011726140976
seqwrite,localfs,3,3000000,0.00843501091003
randwrite,localfs,3,3000000,0.0205390453339
seqread,localfs,3,3000000,0.00606799125671
randread,localfs,3,3000000,0.00697088241577
seqwrite,localfs,3,3000000,0.0138719081879
randwrite,localfs,3,3000000,0.0255739688873
seqread,localfs,3,3000000,0.00546598434448
randread,localfs,3,3000000,0.00689101219177
seqwrite,localfs,3,3000000,0.00902986526489
randwrite,localfs,3,3000000,0.0215620994568
seqread,localfs,3,3000000,0.00581288337708
randread,localfs,3,3000000,0.0122728347778
seqwrite,localfs,3,3000000,0.0140361785889
randwrite,localfs,3,3000000,0.0254988670349
seqread,localfs,3,3000000,0.0054030418396
randread,localfs,3,3000000,0.011992931366
seqwrite,localfs,3,3000000,0.012992143631
randwrite,localfs,3,3000000,0.0259780883789
seqread,localfs,3,3000000,0.00558590888977
randread,localfs,3,3000000,0.0122020244598
seqwrite,localfs,3,3000000,0.0136198997498
randwrite,localfs,3,3000000,0.0196259021759
seqread,localfs,3,3000000,0.00504279136658
randread,localfs,3,3000000,0.0120038986206
seqwrite,berkeleydb,3,3000000,1.15504097939
randwrite,berkeleydb,3,3000000,0.706244945526
seqread,berkeleydb,3,3000000,0.059623003006
randread,berkeleydb,3,3000000,0.0661458969116
seqwrite,berkeleydb,3,3000000,0.708691120148
randwrite,berkeleydb,3,3000000,0.709383964539
seqread,berkeleydb,3,3000000,0.0576350688934
randread,berkeleydb,3,3000000,0.0616271495819
seqwrite,berkeleydb,3,3000000,0.700016975403
randwrite,berkeleydb,3,3000000,0.713464975357
seqread,berkeleydb,3,3000000,0.0510859489441
randread,berkeleydb,3,3000000,0.0659079551697
seqwrite,berkeleydb,3,3000000,0.70316195488
randwrite,berkeleydb,3,3000000,0.720418930054
seqread,berkeleydb,3,3000000,0.0515820980072
randread,berkeleydb,3,3000000,0.0658428668976
seqwrite,berkeleydb,3,3000000,0.70636510849
randwrite,berkeleydb,3,3000000,0.715367078781
seqread,berkeleydb,3,3000000,0.0581669807434
randread,berkeleydb,3,3000000,0.0664610862732
seqwrite,berkeleydb,3,3000000,0.705221176147
randwrite,berkeleydb,3,3000000,0.702558040619
seqread,berkeleydb,3,3000000,0.057009935379
randread,berkeleydb,3,3000000,0.0655770301819
seqwrite,berkeleydb,3,3000000,0.697453975677
randwrite,berkeleydb,3,3000000,0.700037002563
seqread,berkeleydb,3,3000000,0.0565571784973
randread,berkeleydb,3,3000000,0.0657939910889
seqwrite,berkeleydb,3,3000000,0.704126834869
randwrite,berkeleydb,3,3000000,0.7179479599
seqread,berkeleydb,3,3000000,0.0591080188751
randread,berkeleydb,3,3000000,0.0663161277771
seqwrite,berkeleydb,3,3000000,0.69957780838
randwrite,berkeleydb,3,3000000,0.713773012161
seqread,berkeleydb,3,3000000,0.057599067688
randread,berkeleydb,3,3000000,0.0661849975586
seqwrite,berkeleydb,3,3000000,0.699848890305
randwrite,berkeleydb,3,3000000,0.711843967438
seqread,berkeleydb,3,3000000,0.0572810173035
randread,berkeleydb,3,3000000,0.0662281513214
seqwrite,localfs,3,2750000,0.00795197486877
randwrite,localfs,3,2750000,0.0182089805603
seqread,localfs,3,2750000,0.00622391700745
randread,localfs,3,2750000,0.0116391181946
seqwrite,localfs,3,2750000,0.0132031440735
randwrite,localfs,3,2750000,0.0195989608765
seqread,localfs,3,2750000,0.00564908981323
randread,localfs,3,2750000,0.0115818977356
seqwrite,localfs,3,2750000,0.0128128528595
randwrite,localfs,3,2750000,0.0186290740967
seqread,localfs,3,2750000,0.00410413742065
randread,localfs,3,2750000,0.0063910484314
seqwrite,localfs,3,2750000,0.0134539604187
randwrite,localfs,3,2750000,0.0232019424438
seqread,localfs,3,2750000,0.00584197044373
randread,localfs,3,2750000,0.00641298294067
seqwrite,localfs,3,2750000,0.0133049488068
randwrite,localfs,3,2750000,0.0182659626007
seqread,localfs,3,2750000,0.00517916679382
randread,localfs,3,2750000,0.0114250183105
seqwrite,localfs,3,2750000,0.00785708427429
randwrite,localfs,3,2750000,0.0185239315033
seqread,localfs,3,2750000,0.00665903091431
randread,localfs,3,2750000,0.0114941596985
seqwrite,localfs,3,2750000,0.00773000717163
randwrite,localfs,3,2750000,0.0177710056305
seqread,localfs,3,2750000,0.00756788253784
randread,localfs,3,2750000,0.0113170146942
seqwrite,localfs,3,2750000,0.00882601737976
randwrite,localfs,3,2750000,0.0193910598755
seqread,localfs,3,2750000,0.00596690177917
randread,localfs,3,2750000,0.0117158889771
seqwrite,localfs,3,2750000,0.0123620033264
randwrite,localfs,3,2750000,0.0182621479034
seqread,localfs,3,2750000,0.00697898864746
randread,localfs,3,2750000,0.0116760730743
seqwrite,localfs,3,2750000,0.0134260654449
randwrite,localfs,3,2750000,0.019690990448
seqread,localfs,3,2750000,0.00727987289429
randread,localfs,3,2750000,0.0114889144897
seqwrite,berkeleydb,3,2750000,1.06393313408
randwrite,berkeleydb,3,2750000,0.644572973251
seqread,berkeleydb,3,2750000,0.0507380962372
randread,berkeleydb,3,2750000,0.0589871406555
seqwrite,berkeleydb,3,2750000,0.637327194214
randwrite,berkeleydb,3,2750000,0.651487112045
seqread,berkeleydb,3,2750000,0.0531208515167
randread,berkeleydb,3,2750000,0.0547919273376
seqwrite,berkeleydb,3,2750000,0.656007051468
randwrite,berkeleydb,3,2750000,0.654818058014
seqread,berkeleydb,3,2750000,0.047550201416
randread,berkeleydb,3,2750000,0.0563189983368
seqwrite,berkeleydb,3,2750000,0.648883104324
randwrite,berkeleydb,3,2750000,0.657428979874
seqread,berkeleydb,3,2750000,0.0527718067169
randread,berkeleydb,3,2750000,0.0606570243835
seqwrite,berkeleydb,3,2750000,0.645781993866
randwrite,berkeleydb,3,2750000,0.652923822403
seqread,berkeleydb,3,2750000,0.0537669658661
randread,berkeleydb,3,2750000,0.0612120628357
seqwrite,berkeleydb,3,2750000,0.642776966095
randwrite,berkeleydb,3,2750000,0.646816015244
seqread,berkeleydb,3,2750000,0.0532591342926
randread,berkeleydb,3,2750000,0.0549049377441
seqwrite,berkeleydb,3,2750000,0.638313770294
randwrite,berkeleydb,3,2750000,0.64745593071
seqread,berkeleydb,3,2750000,0.0529119968414
randread,berkeleydb,3,2750000,0.0619809627533
seqwrite,berkeleydb,3,2750000,0.642081975937
randwrite,berkeleydb,3,2750000,0.649636030197
seqread,berkeleydb,3,2750000,0.0497488975525
randread,berkeleydb,3,2750000,0.0555808544159
seqwrite,berkeleydb,3,2750000,0.644165039062
randwrite,berkeleydb,3,2750000,0.65093421936
seqread,berkeleydb,3,2750000,0.0552880764008
randread,berkeleydb,3,2750000,0.0587840080261
seqwrite,berkeleydb,3,2750000,0.654043912888
randwrite,berkeleydb,3,2750000,0.653284072876
seqread,berkeleydb,3,2750000,0.0529651641846
randread,berkeleydb,3,2750000,0.0612840652466
seqwrite,localfs,3,2500000,0.0081729888916
randwrite,localfs,3,2500000,0.0217740535736
seqread,localfs,3,2500000,0.00523495674133
randread,localfs,3,2500000,0.0107669830322
seqwrite,localfs,3,2500000,0.0124750137329
randwrite,localfs,3,2500000,0.0226109027863
seqread,localfs,3,2500000,0.00818300247192
randread,localfs,3,2500000,0.0100557804108
seqwrite,localfs,3,2500000,0.0125360488892
randwrite,localfs,3,2500000,0.0164489746094
seqread,localfs,3,2500000,0.00504517555237
randread,localfs,3,2500000,0.00586795806885
seqwrite,localfs,3,2500000,0.00720310211182
randwrite,localfs,3,2500000,0.0165200233459
seqread,localfs,3,2500000,0.00443506240845
randread,localfs,3,2500000,0.0104160308838
seqwrite,localfs,3,2500000,0.0127701759338
randwrite,localfs,3,2500000,0.0165321826935
seqread,localfs,3,2500000,0.00611305236816
randread,localfs,3,2500000,0.0100810527802
seqwrite,localfs,3,2500000,0.0126049518585
randwrite,localfs,3,2500000,0.0215089321136
seqread,localfs,3,2500000,0.00569105148315
randread,localfs,3,2500000,0.0098729133606
seqwrite,localfs,3,2500000,0.0124011039734
randwrite,localfs,3,2500000,0.0216720104218
seqread,localfs,3,2500000,0.00524592399597
randread,localfs,3,2500000,0.0105559825897
seqwrite,localfs,3,2500000,0.0124950408936
randwrite,localfs,3,2500000,0.0163168907166
seqread,localfs,3,2500000,0.00623798370361
randread,localfs,3,2500000,0.0107572078705
seqwrite,localfs,3,2500000,0.0124020576477
randwrite,localfs,3,2500000,0.0162539482117
seqread,localfs,3,2500000,0.00526809692383
randread,localfs,3,2500000,0.0109159946442
seqwrite,localfs,3,2500000,0.00727009773254
randwrite,localfs,3,2500000,0.0163040161133
seqread,localfs,3,2500000,0.00514006614685
randread,localfs,3,2500000,0.0101969242096
seqwrite,berkeleydb,3,2500000,0.962697029114
randwrite,berkeleydb,3,2500000,0.585808992386
seqread,berkeleydb,3,2500000,0.0477859973907
randread,berkeleydb,3,2500000,0.0557880401611
seqwrite,berkeleydb,3,2500000,0.576016902924
randwrite,berkeleydb,3,2500000,0.587329864502
seqread,berkeleydb,3,2500000,0.0446469783783
randread,berkeleydb,3,2500000,0.0520009994507
seqwrite,berkeleydb,3,2500000,0.586050987244
randwrite,berkeleydb,3,2500000,0.596163034439
seqread,berkeleydb,3,2500000,0.0476739406586
randread,berkeleydb,3,2500000,0.0508370399475
seqwrite,berkeleydb,3,2500000,0.581856966019
randwrite,berkeleydb,3,2500000,0.595842838287
seqread,berkeleydb,3,2500000,0.0488369464874
randread,berkeleydb,3,2500000,0.0511448383331
seqwrite,berkeleydb,3,2500000,0.592532873154
randwrite,berkeleydb,3,2500000,0.592370986938
seqread,berkeleydb,3,2500000,0.0442881584167
randread,berkeleydb,3,2500000,0.0532128810883
seqwrite,berkeleydb,3,2500000,0.584635019302
randwrite,berkeleydb,3,2500000,0.587913990021
seqread,berkeleydb,3,2500000,0.0448970794678
randread,berkeleydb,3,2500000,0.0534729957581
seqwrite,berkeleydb,3,2500000,0.601408004761
randwrite,berkeleydb,3,2500000,0.602253198624
seqread,berkeleydb,3,2500000,0.0440800189972
randread,berkeleydb,3,2500000,0.0571138858795
seqwrite,berkeleydb,3,2500000,0.590816020966
randwrite,berkeleydb,3,2500000,0.608934164047
seqread,berkeleydb,3,2500000,0.0487401485443
randread,berkeleydb,3,2500000,0.0568668842316
seqwrite,berkeleydb,3,2500000,0.589740037918
randwrite,berkeleydb,3,2500000,0.589678049088
seqread,berkeleydb,3,2500000,0.047858953476
randread,berkeleydb,3,2500000,0.0560898780823
seqwrite,berkeleydb,3,2500000,0.579419136047
randwrite,berkeleydb,3,2500000,0.60517001152
seqread,berkeleydb,3,2500000,0.050607919693
randread,berkeleydb,3,2500000,0.0555839538574
seqwrite,localfs,3,2250000,0.0119979381561
randwrite,localfs,3,2250000,0.0151610374451
seqread,localfs,3,2250000,0.00506401062012
randread,localfs,3,2250000,0.00997591018677
seqwrite,localfs,3,2250000,0.00644898414612
randwrite,localfs,3,2250000,0.014643907547
seqread,localfs,3,2250000,0.00509190559387
randread,localfs,3,2250000,0.00983309745789
seqwrite,localfs,3,2250000,0.0117099285126
randwrite,localfs,3,2250000,0.0149321556091
seqread,localfs,3,2250000,0.00733613967896
randread,localfs,3,2250000,0.0100700855255
seqwrite,localfs,3,2250000,0.0066978931427
randwrite,localfs,3,2250000,0.0151329040527
seqread,localfs,3,2250000,0.00385785102844
randread,localfs,3,2250000,0.00521492958069
seqwrite,localfs,3,2250000,0.00662612915039
randwrite,localfs,3,2250000,0.0148091316223
seqread,localfs,3,2250000,0.00527691841125
randread,localfs,3,2250000,0.0100491046906
seqwrite,localfs,3,2250000,0.0115101337433
randwrite,localfs,3,2250000,0.0149178504944
seqread,localfs,3,2250000,0.00544285774231
randread,localfs,3,2250000,0.00937104225159
seqwrite,localfs,3,2250000,0.00640606880188
randwrite,localfs,3,2250000,0.0147540569305
seqread,localfs,3,2250000,0.00474786758423
randread,localfs,3,2250000,0.00962519645691
seqwrite,localfs,3,2250000,0.00652384757996
randwrite,localfs,3,2250000,0.016077041626
seqread,localfs,3,2250000,0.0044960975647
randread,localfs,3,2250000,0.00984907150269
seqwrite,localfs,3,2250000,0.0117790699005
randwrite,localfs,3,2250000,0.0197219848633
seqread,localfs,3,2250000,0.00499391555786
randread,localfs,3,2250000,0.00973892211914
seqwrite,localfs,3,2250000,0.0116918087006
randwrite,localfs,3,2250000,0.0148601531982
seqread,localfs,3,2250000,0.00576996803284
randread,localfs,3,2250000,0.00931000709534
seqwrite,berkeleydb,3,2250000,0.870456933975
randwrite,berkeleydb,3,2250000,0.53030705452
seqread,berkeleydb,3,2250000,0.0445959568024
randread,berkeleydb,3,2250000,0.0462810993195
seqwrite,berkeleydb,3,2250000,0.520112991333
randwrite,berkeleydb,3,2250000,0.529255151749
seqread,berkeleydb,3,2250000,0.0442490577698
randread,berkeleydb,3,2250000,0.0518472194672
seqwrite,berkeleydb,3,2250000,0.521047115326
randwrite,berkeleydb,3,2250000,0.526309013367
seqread,berkeleydb,3,2250000,0.0455749034882
randread,berkeleydb,3,2250000,0.0482370853424
seqwrite,berkeleydb,3,2250000,0.530821084976
randwrite,berkeleydb,3,2250000,0.546755075455
seqread,berkeleydb,3,2250000,0.044538974762
randread,berkeleydb,3,2250000,0.0465450286865
seqwrite,berkeleydb,3,2250000,0.523538827896
randwrite,berkeleydb,3,2250000,0.540015935898
seqread,berkeleydb,3,2250000,0.0446760654449
randread,berkeleydb,3,2250000,0.051570892334
seqwrite,berkeleydb,3,2250000,0.526438951492
randwrite,berkeleydb,3,2250000,0.542953014374
seqread,berkeleydb,3,2250000,0.0404372215271
randread,berkeleydb,3,2250000,0.0482358932495
seqwrite,berkeleydb,3,2250000,0.523750066757
randwrite,berkeleydb,3,2250000,0.548144102097
seqread,berkeleydb,3,2250000,0.0449249744415
randread,berkeleydb,3,2250000,0.0487039089203
seqwrite,berkeleydb,3,2250000,0.535848140717
randwrite,berkeleydb,3,2250000,0.545786857605
seqread,berkeleydb,3,2250000,0.0443270206451
randread,berkeleydb,3,2250000,0.0502619743347
seqwrite,berkeleydb,3,2250000,0.527009010315
randwrite,berkeleydb,3,2250000,0.533679008484
seqread,berkeleydb,3,2250000,0.0450448989868
randread,berkeleydb,3,2250000,0.0483520030975
seqwrite,berkeleydb,3,2250000,0.522732019424
randwrite,berkeleydb,3,2250000,0.539089202881
seqread,berkeleydb,3,2250000,0.0445649623871
randread,berkeleydb,3,2250000,0.0481948852539
seqwrite,localfs,3,2000000,0.00922298431396
randwrite,localfs,3,2000000,0.0131330490112
seqread,localfs,3,2000000,0.00561809539795
randread,localfs,3,2000000,0.00894284248352
seqwrite,localfs,3,2000000,0.0109040737152
randwrite,localfs,3,2000000,0.0182430744171
seqread,localfs,3,2000000,0.00582504272461
randread,localfs,3,2000000,0.00901508331299
seqwrite,localfs,3,2000000,0.0106270313263
randwrite,localfs,3,2000000,0.0131959915161
seqread,localfs,3,2000000,0.00419116020203
randread,localfs,3,2000000,0.00851202011108
seqwrite,localfs,3,2000000,0.0108180046082
randwrite,localfs,3,2000000,0.0133430957794
seqread,localfs,3,2000000,0.00657391548157
randread,localfs,3,2000000,0.00911402702332
seqwrite,localfs,3,2000000,0.0106461048126
randwrite,localfs,3,2000000,0.013279914856
seqread,localfs,3,2000000,0.00500893592834
randread,localfs,3,2000000,0.00883388519287
seqwrite,localfs,3,2000000,0.00588607788086
randwrite,localfs,3,2000000,0.0187149047852
seqread,localfs,3,2000000,0.00533294677734
randread,localfs,3,2000000,0.0090708732605
seqwrite,localfs,3,2000000,0.0104470252991
randwrite,localfs,3,2000000,0.019896030426
seqread,localfs,3,2000000,0.00504994392395
randread,localfs,3,2000000,0.00482392311096
seqwrite,localfs,3,2000000,0.0056529045105
randwrite,localfs,3,2000000,0.0125231742859
seqread,localfs,3,2000000,0.00452494621277
randread,localfs,3,2000000,0.00453090667725
seqwrite,localfs,3,2000000,0.0101709365845
randwrite,localfs,3,2000000,0.0125050544739
seqread,localfs,3,2000000,0.00618886947632
randread,localfs,3,2000000,0.00904512405396
seqwrite,localfs,3,2000000,0.0107388496399
randwrite,localfs,3,2000000,0.0124278068542
seqread,localfs,3,2000000,0.00595688819885
randread,localfs,3,2000000,0.00885105133057
seqwrite,berkeleydb,3,2000000,0.765359163284
randwrite,berkeleydb,3,2000000,0.472297906876
seqread,berkeleydb,3,2000000,0.0336201190948
randread,berkeleydb,3,2000000,0.0475580692291
seqwrite,berkeleydb,3,2000000,0.468280076981
randwrite,berkeleydb,3,2000000,0.477231025696
seqread,berkeleydb,3,2000000,0.0339729785919
randread,berkeleydb,3,2000000,0.0444350242615
seqwrite,berkeleydb,3,2000000,0.464595079422
randwrite,berkeleydb,3,2000000,0.483736038208
seqread,berkeleydb,3,2000000,0.0346481800079
randread,berkeleydb,3,2000000,0.041267156601
seqwrite,berkeleydb,3,2000000,0.474031925201
randwrite,berkeleydb,3,2000000,0.500684022903
seqread,berkeleydb,3,2000000,0.040470123291
randread,berkeleydb,3,2000000,0.0407290458679
seqwrite,berkeleydb,3,2000000,0.472934007645
randwrite,berkeleydb,3,2000000,0.493768930435
seqread,berkeleydb,3,2000000,0.0400578975677
randread,berkeleydb,3,2000000,0.046599149704
seqwrite,berkeleydb,3,2000000,0.473633050919
randwrite,berkeleydb,3,2000000,0.481585025787
seqread,berkeleydb,3,2000000,0.0401201248169
randread,berkeleydb,3,2000000,0.0410239696503
seqwrite,berkeleydb,3,2000000,0.470766067505
randwrite,berkeleydb,3,2000000,0.492630958557
seqread,berkeleydb,3,2000000,0.0406219959259
randread,berkeleydb,3,2000000,0.0468118190765
seqwrite,berkeleydb,3,2000000,0.474704027176
randwrite,berkeleydb,3,2000000,0.489719152451
seqread,berkeleydb,3,2000000,0.0408790111542
randread,berkeleydb,3,2000000,0.0468549728394
seqwrite,berkeleydb,3,2000000,0.4743309021
randwrite,berkeleydb,3,2000000,0.491235017776
seqread,berkeleydb,3,2000000,0.0408809185028
randread,berkeleydb,3,2000000,0.0471229553223
seqwrite,berkeleydb,3,2000000,0.474529981613
randwrite,berkeleydb,3,2000000,0.478826999664
seqread,berkeleydb,3,2000000,0.0404770374298
randread,berkeleydb,3,2000000,0.0457279682159
seqwrite,localfs,3,1750000,0.00548195838928
randwrite,localfs,3,1750000,0.0117740631104
seqread,localfs,3,1750000,0.00330305099487
randread,localfs,3,1750000,0.00417804718018
seqwrite,localfs,3,1750000,0.00970697402954
randwrite,localfs,3,1750000,0.010733127594
seqread,localfs,3,1750000,0.00666999816895
randread,localfs,3,1750000,0.00541710853577
seqwrite,localfs,3,1750000,0.00974702835083
randwrite,localfs,3,1750000,0.0167849063873
seqread,localfs,3,1750000,0.00399589538574
randread,localfs,3,1750000,0.00431680679321
seqwrite,localfs,3,1750000,0.00973010063171
randwrite,localfs,3,1750000,0.0114479064941
seqread,localfs,3,1750000,0.00564694404602
randread,localfs,3,1750000,0.0081000328064
seqwrite,localfs,3,1750000,0.00978899002075
randwrite,localfs,3,1750000,0.0115280151367
seqread,localfs,3,1750000,0.00631284713745
randread,localfs,3,1750000,0.00415682792664
seqwrite,localfs,3,1750000,0.00969290733337
randwrite,localfs,3,1750000,0.0109548568726
seqread,localfs,3,1750000,0.00459790229797
randread,localfs,3,1750000,0.0040910243988
seqwrite,localfs,3,1750000,0.00517106056213
randwrite,localfs,3,1750000,0.0118749141693
seqread,localfs,3,1750000,0.00366616249084
randread,localfs,3,1750000,0.00414109230042
seqwrite,localfs,3,1750000,0.00497007369995
randwrite,localfs,3,1750000,0.0115330219269
seqread,localfs,3,1750000,0.00410103797913
randread,localfs,3,1750000,0.00773215293884
seqwrite,localfs,3,1750000,0.00980019569397
randwrite,localfs,3,1750000,0.0115168094635
seqread,localfs,3,1750000,0.00569701194763
randread,localfs,3,1750000,0.0079038143158
seqwrite,localfs,3,1750000,0.00520610809326
randwrite,localfs,3,1750000,0.0111379623413
seqread,localfs,3,1750000,0.00406694412231
randread,localfs,3,1750000,0.00809597969055
seqwrite,berkeleydb,3,1750000,0.667575120926
randwrite,berkeleydb,3,1750000,0.424356937408
seqread,berkeleydb,3,1750000,0.0353591442108
randread,berkeleydb,3,1750000,0.0402600765228
seqwrite,berkeleydb,3,1750000,0.412303924561
randwrite,berkeleydb,3,1750000,0.419322013855
seqread,berkeleydb,3,1750000,0.0300991535187
randread,berkeleydb,3,1750000,0.0358428955078
seqwrite,berkeleydb,3,1750000,0.423062086105
randwrite,berkeleydb,3,1750000,0.424293994904
seqread,berkeleydb,3,1750000,0.0360479354858
randread,berkeleydb,3,1750000,0.0406970977783
seqwrite,berkeleydb,3,1750000,0.428375959396
randwrite,berkeleydb,3,1750000,0.422428131104
seqread,berkeleydb,3,1750000,0.0364241600037
randread,berkeleydb,3,1750000,0.0407869815826
seqwrite,berkeleydb,3,1750000,0.423577070236
randwrite,berkeleydb,3,1750000,0.418348073959
seqread,berkeleydb,3,1750000,0.0361721515656
randread,berkeleydb,3,1750000,0.0402491092682
seqwrite,berkeleydb,3,1750000,0.409360170364
randwrite,berkeleydb,3,1750000,0.42210483551
seqread,berkeleydb,3,1750000,0.0363688468933
randread,berkeleydb,3,1750000,0.0351409912109
seqwrite,berkeleydb,3,1750000,0.423877000809
randwrite,berkeleydb,3,1750000,0.430701971054
seqread,berkeleydb,3,1750000,0.0361239910126
randread,berkeleydb,3,1750000,0.0415451526642
seqwrite,berkeleydb,3,1750000,0.420254945755
randwrite,berkeleydb,3,1750000,0.437827825546
seqread,berkeleydb,3,1750000,0.0345358848572
randread,berkeleydb,3,1750000,0.0419321060181
seqwrite,berkeleydb,3,1750000,0.425182104111
randwrite,berkeleydb,3,1750000,0.432899951935
seqread,berkeleydb,3,1750000,0.0309669971466
randread,berkeleydb,3,1750000,0.0417950153351
seqwrite,berkeleydb,3,1750000,0.416163921356
randwrite,berkeleydb,3,1750000,0.434594869614
seqread,berkeleydb,3,1750000,0.0363709926605
randread,berkeleydb,3,1750000,0.0413680076599
seqwrite,localfs,3,1500000,0.00537514686584
randwrite,localfs,3,1500000,0.0103130340576
seqread,localfs,3,1500000,0.00514483451843
randread,localfs,3,1500000,0.00348615646362
seqwrite,localfs,3,1500000,0.00446701049805
randwrite,localfs,3,1500000,0.00942182540894
seqread,localfs,3,1500000,0.00541806221008
randread,localfs,3,1500000,0.00724196434021
seqwrite,localfs,3,1500000,0.00883007049561
randwrite,localfs,3,1500000,0.0106301307678
seqread,localfs,3,1500000,0.00450706481934
randread,localfs,3,1500000,0.00722503662109
seqwrite,localfs,3,1500000,0.00437498092651
randwrite,localfs,3,1500000,0.00947403907776
seqread,localfs,3,1500000,0.00635695457458
randread,localfs,3,1500000,0.00715398788452
seqwrite,localfs,3,1500000,0.00841212272644
randwrite,localfs,3,1500000,0.010372877121
seqread,localfs,3,1500000,0.00487279891968
randread,localfs,3,1500000,0.00733184814453
seqwrite,localfs,3,1500000,0.00847911834717
randwrite,localfs,3,1500000,0.00971603393555
seqread,localfs,3,1500000,0.00555086135864
randread,localfs,3,1500000,0.00720000267029
seqwrite,localfs,3,1500000,0.00866293907166
randwrite,localfs,3,1500000,0.0102479457855
seqread,localfs,3,1500000,0.00399398803711
randread,localfs,3,1500000,0.00342798233032
seqwrite,localfs,3,1500000,0.00446701049805
randwrite,localfs,3,1500000,0.00940704345703
seqread,localfs,3,1500000,0.00697708129883
randread,localfs,3,1500000,0.00676202774048
seqwrite,localfs,3,1500000,0.00852394104004
randwrite,localfs,3,1500000,0.0115158557892
seqread,localfs,3,1500000,0.00457811355591
randread,localfs,3,1500000,0.00713992118835
seqwrite,localfs,3,1500000,0.00863194465637
randwrite,localfs,3,1500000,0.00930500030518
seqread,localfs,3,1500000,0.00497388839722
randread,localfs,3,1500000,0.00344109535217
seqwrite,berkeleydb,3,1500000,0.582546949387
randwrite,berkeleydb,3,1500000,0.35875582695
seqread,berkeleydb,3,1500000,0.0263469219208
randread,berkeleydb,3,1500000,0.031172990799
seqwrite,berkeleydb,3,1500000,0.355251073837
randwrite,berkeleydb,3,1500000,0.3670399189
seqread,berkeleydb,3,1500000,0.0303320884705
randread,berkeleydb,3,1500000,0.0308952331543
seqwrite,berkeleydb,3,1500000,0.358819961548
randwrite,berkeleydb,3,1500000,0.399955034256
seqread,berkeleydb,3,1500000,0.0318729877472
randread,berkeleydb,3,1500000,0.0309858322144
seqwrite,berkeleydb,3,1500000,0.356252908707
randwrite,berkeleydb,3,1500000,0.369117975235
seqread,berkeleydb,3,1500000,0.0318078994751
randread,berkeleydb,3,1500000,0.0366470813751
seqwrite,berkeleydb,3,1500000,0.35263800621
randwrite,berkeleydb,3,1500000,0.366126060486
seqread,berkeleydb,3,1500000,0.0317378044128
randread,berkeleydb,3,1500000,0.035295009613
seqwrite,berkeleydb,3,1500000,0.361436128616
randwrite,berkeleydb,3,1500000,0.376286029816
seqread,berkeleydb,3,1500000,0.0320620536804
randread,berkeleydb,3,1500000,0.0361549854279
seqwrite,berkeleydb,3,1500000,0.360614776611
randwrite,berkeleydb,3,1500000,0.366374015808
seqread,berkeleydb,3,1500000,0.0329940319061
randread,berkeleydb,3,1500000,0.0366458892822
seqwrite,berkeleydb,3,1500000,0.364661931992
randwrite,berkeleydb,3,1500000,0.361083984375
seqread,berkeleydb,3,1500000,0.0319879055023
randread,berkeleydb,3,1500000,0.035582780838
seqwrite,berkeleydb,3,1500000,0.356761932373
randwrite,berkeleydb,3,1500000,0.364450931549
seqread,berkeleydb,3,1500000,0.0337550640106
randread,berkeleydb,3,1500000,0.0366730690002
seqwrite,berkeleydb,3,1500000,0.386805057526
randwrite,berkeleydb,3,1500000,0.37276506424
seqread,berkeleydb,3,1500000,0.0320301055908
randread,berkeleydb,3,1500000,0.0367021560669
seqwrite,localfs,3,1250000,0.00725102424622
randwrite,localfs,3,1250000,0.00858306884766
seqread,localfs,3,1250000,0.00327396392822
randread,localfs,3,1250000,0.00303316116333
seqwrite,localfs,3,1250000,0.00755715370178
randwrite,localfs,3,1250000,0.00870990753174
seqread,localfs,3,1250000,0.00411891937256
randread,localfs,3,1250000,0.00288105010986
seqwrite,localfs,3,1250000,0.0039541721344
randwrite,localfs,3,1250000,0.0083339214325
seqread,localfs,3,1250000,0.00336694717407
randread,localfs,3,1250000,0.00645303726196
seqwrite,localfs,3,1250000,0.00751709938049
randwrite,localfs,3,1250000,0.00771594047546
seqread,localfs,3,1250000,0.00575804710388
randread,localfs,3,1250000,0.00627493858337
seqwrite,localfs,3,1250000,0.00766491889954
randwrite,localfs,3,1250000,0.00848698616028
seqread,localfs,3,1250000,0.00537204742432
randread,localfs,3,1250000,0.00286293029785
seqwrite,localfs,3,1250000,0.00763010978699
randwrite,localfs,3,1250000,0.00999093055725
seqread,localfs,3,1250000,0.00440406799316
randread,localfs,3,1250000,0.00629305839539
seqwrite,localfs,3,1250000,0.0075831413269
randwrite,localfs,3,1250000,0.00821805000305
seqread,localfs,3,1250000,0.00374698638916
randread,localfs,3,1250000,0.00307989120483
seqwrite,localfs,3,1250000,0.00373697280884
randwrite,localfs,3,1250000,0.00791001319885
seqread,localfs,3,1250000,0.00287914276123
randread,localfs,3,1250000,0.00302290916443
seqwrite,localfs,3,1250000,0.00749707221985
randwrite,localfs,3,1250000,0.0119080543518
seqread,localfs,3,1250000,0.00347495079041
randread,localfs,3,1250000,0.00620889663696
seqwrite,localfs,3,1250000,0.0075089931488
randwrite,localfs,3,1250000,0.00891995429993
seqread,localfs,3,1250000,0.00367903709412
randread,localfs,3,1250000,0.00631999969482
seqwrite,berkeleydb,3,1250000,0.481421947479
randwrite,berkeleydb,3,1250000,0.292275905609
seqread,berkeleydb,3,1250000,0.0269110202789
randread,berkeleydb,3,1250000,0.0302739143372
seqwrite,berkeleydb,3,1250000,0.933305978775
randwrite,berkeleydb,3,1250000,0.310108184814
seqread,berkeleydb,3,1250000,0.0290780067444
randread,berkeleydb,3,1250000,0.0312130451202
seqwrite,berkeleydb,3,1250000,0.302804946899
randwrite,berkeleydb,3,1250000,0.304720163345
seqread,berkeleydb,3,1250000,0.0273950099945
randread,berkeleydb,3,1250000,0.0309569835663
seqwrite,berkeleydb,3,1250000,0.303143978119
randwrite,berkeleydb,3,1250000,0.305402994156
seqread,berkeleydb,3,1250000,0.0278639793396
randread,berkeleydb,3,1250000,0.0303540229797
seqwrite,berkeleydb,3,1250000,0.29873585701
randwrite,berkeleydb,3,1250000,0.315294981003
seqread,berkeleydb,3,1250000,0.0281510353088
randread,berkeleydb,3,1250000,0.0266361236572
seqwrite,berkeleydb,3,1250000,0.295675039291
randwrite,berkeleydb,3,1250000,0.314221858978
seqread,berkeleydb,3,1250000,0.0275731086731
randread,berkeleydb,3,1250000,0.031270980835
seqwrite,berkeleydb,3,1250000,0.292381048203
randwrite,berkeleydb,3,1250000,0.324429035187
seqread,berkeleydb,3,1250000,0.0276679992676
randread,berkeleydb,3,1250000,0.0319268703461
seqwrite,berkeleydb,3,1250000,0.299757003784
randwrite,berkeleydb,3,1250000,0.310270786285
seqread,berkeleydb,3,1250000,0.0282731056213
randread,berkeleydb,3,1250000,0.031909942627
seqwrite,berkeleydb,3,1250000,0.302123069763
randwrite,berkeleydb,3,1250000,0.302011013031
seqread,berkeleydb,3,1250000,0.0277290344238
randread,berkeleydb,3,1250000,0.0267639160156
seqwrite,berkeleydb,3,1250000,0.301830053329
randwrite,berkeleydb,3,1250000,0.307142019272
seqread,berkeleydb,3,1250000,0.0278060436249
randread,berkeleydb,3,1250000,0.0315368175507
seqwrite,localfs,3,1000000,0.00343799591064
randwrite,localfs,3,1000000,0.00619912147522
seqread,localfs,3,1000000,0.00609087944031
randread,localfs,3,1000000,0.00525403022766
seqwrite,localfs,3,1000000,0.00670409202576
randwrite,localfs,3,1000000,0.00637412071228
seqread,localfs,3,1000000,0.00561904907227
randread,localfs,3,1000000,0.00532102584839
seqwrite,localfs,3,1000000,0.0067150592804
randwrite,localfs,3,1000000,0.00623798370361
seqread,localfs,3,1000000,0.00260591506958
randread,localfs,3,1000000,0.00244498252869
seqwrite,localfs,3,1000000,0.00306487083435
randwrite,localfs,3,1000000,0.00638294219971
seqread,localfs,3,1000000,0.00666308403015
randread,localfs,3,1000000,0.00245308876038
seqwrite,localfs,3,1000000,0.00656008720398
randwrite,localfs,3,1000000,0.00640797615051
seqread,localfs,3,1000000,0.00526690483093
randread,localfs,3,1000000,0.00239300727844
seqwrite,localfs,3,1000000,0.00321888923645
randwrite,localfs,3,1000000,0.0100569725037
seqread,localfs,3,1000000,0.00252199172974
randread,localfs,3,1000000,0.00541186332703
seqwrite,localfs,3,1000000,0.00645685195923
randwrite,localfs,3,1000000,0.00931096076965
seqread,localfs,3,1000000,0.00378084182739
randread,localfs,3,1000000,0.00542497634888
seqwrite,localfs,3,1000000,0.00674295425415
randwrite,localfs,3,1000000,0.00977897644043
seqread,localfs,3,1000000,0.0065290927887
randread,localfs,3,1000000,0.00532913208008
seqwrite,localfs,3,1000000,0.0063419342041
randwrite,localfs,3,1000000,0.00720000267029
seqread,localfs,3,1000000,0.00617814064026
randread,localfs,3,1000000,0.00529313087463
seqwrite,localfs,3,1000000,0.00573396682739
randwrite,localfs,3,1000000,0.00693702697754
seqread,localfs,3,1000000,0.00431299209595
randread,localfs,3,1000000,0.00528788566589
seqwrite,berkeleydb,3,1000000,0.396512985229
randwrite,berkeleydb,3,1000000,0.246280908585
seqread,berkeleydb,3,1000000,0.0227658748627
randread,berkeleydb,3,1000000,0.0257179737091
seqwrite,berkeleydb,3,1000000,0.239671945572
randwrite,berkeleydb,3,1000000,0.249672889709
seqread,berkeleydb,3,1000000,0.0233008861542
randread,berkeleydb,3,1000000,0.0258800983429
seqwrite,berkeleydb,3,1000000,0.245984077454
randwrite,berkeleydb,3,1000000,0.248453140259
seqread,berkeleydb,3,1000000,0.017814874649
randread,berkeleydb,3,1000000,0.0267741680145
seqwrite,berkeleydb,3,1000000,0.242045879364
randwrite,berkeleydb,3,1000000,0.252101898193
seqread,berkeleydb,3,1000000,0.0238170623779
randread,berkeleydb,3,1000000,0.026407957077
seqwrite,berkeleydb,3,1000000,0.242824077606
randwrite,berkeleydb,3,1000000,0.244657993317
seqread,berkeleydb,3,1000000,0.0216619968414
randread,berkeleydb,3,1000000,0.0262658596039
seqwrite,berkeleydb,3,1000000,0.248656988144
randwrite,berkeleydb,3,1000000,0.259356975555
seqread,berkeleydb,3,1000000,0.0236611366272
randread,berkeleydb,3,1000000,0.0209171772003
seqwrite,berkeleydb,3,1000000,0.244745969772
randwrite,berkeleydb,3,1000000,0.25287604332
seqread,berkeleydb,3,1000000,0.0232408046722
randread,berkeleydb,3,1000000,0.025995016098
seqwrite,berkeleydb,3,1000000,0.247792959213
randwrite,berkeleydb,3,1000000,0.252472162247
seqread,berkeleydb,3,1000000,0.0233590602875
randread,berkeleydb,3,1000000,0.0263149738312
seqwrite,berkeleydb,3,1000000,0.246711969376
randwrite,berkeleydb,3,1000000,0.245517015457
seqread,berkeleydb,3,1000000,0.0237879753113
randread,berkeleydb,3,1000000,0.0202898979187
seqwrite,berkeleydb,3,1000000,0.238928794861
randwrite,berkeleydb,3,1000000,0.247057914734
seqread,berkeleydb,3,1000000,0.0250380039215
randread,berkeleydb,3,1000000,0.0262250900269
seqwrite,localfs,3,750000,0.00286388397217
randwrite,localfs,3,750000,0.00503420829773
seqread,localfs,3,750000,0.00300598144531
randread,localfs,3,750000,0.00421285629272
seqwrite,localfs,3,750000,0.00527596473694
randwrite,localfs,3,750000,0.00561809539795
seqread,localfs,3,750000,0.00295901298523
randread,localfs,3,750000,0.00422406196594
seqwrite,localfs,3,750000,0.00345993041992
randwrite,localfs,3,750000,0.00484704971313
seqread,localfs,3,750000,0.00210690498352
randread,localfs,3,750000,0.00190305709839
seqwrite,localfs,3,750000,0.00236892700195
randwrite,localfs,3,750000,0.00404691696167
seqread,localfs,3,750000,0.00369501113892
randread,localfs,3,750000,0.00411987304688
seqwrite,localfs,3,750000,0.00530099868774
randwrite,localfs,3,750000,0.00724291801453
seqread,localfs,3,750000,0.00310611724854
randread,localfs,3,750000,0.00406718254089
seqwrite,localfs,3,750000,0.00524306297302
randwrite,localfs,3,750000,0.0084228515625
seqread,localfs,3,750000,0.00396585464478
randread,localfs,3,750000,0.00411796569824
seqwrite,localfs,3,750000,0.0025429725647
randwrite,localfs,3,750000,0.00898909568787
seqread,localfs,3,750000,0.00301504135132
randread,localfs,3,750000,0.00421786308289
seqwrite,localfs,3,750000,0.0051109790802
randwrite,localfs,3,750000,0.00372004508972
seqread,localfs,3,750000,0.00261092185974
randread,localfs,3,750000,0.00419306755066
seqwrite,localfs,3,750000,0.00536894798279
randwrite,localfs,3,750000,0.00378608703613
seqread,localfs,3,750000,0.00446200370789
randread,localfs,3,750000,0.00416588783264
seqwrite,localfs,3,750000,0.00253391265869
randwrite,localfs,3,750000,0.00503087043762
seqread,localfs,3,750000,0.00420999526978
randread,localfs,3,750000,0.00188708305359
seqwrite,berkeleydb,3,750000,0.301556110382
randwrite,berkeleydb,3,750000,0.190361976624
seqread,berkeleydb,3,750000,0.0168330669403
randread,berkeleydb,3,750000,0.0211069583893
seqwrite,berkeleydb,3,750000,0.183361053467
randwrite,berkeleydb,3,750000,0.191514968872
seqread,berkeleydb,3,750000,0.0192430019379
randread,berkeleydb,3,750000,0.021388053894
seqwrite,berkeleydb,3,750000,0.185307025909
randwrite,berkeleydb,3,750000,0.186473846436
seqread,berkeleydb,3,750000,0.013200044632
randread,berkeleydb,3,750000,0.0158259868622
seqwrite,berkeleydb,3,750000,0.186144113541
randwrite,berkeleydb,3,750000,0.18693614006
seqread,berkeleydb,3,750000,0.0192048549652
randread,berkeleydb,3,750000,0.0215139389038
seqwrite,berkeleydb,3,750000,0.187788009644
randwrite,berkeleydb,3,750000,0.190011978149
seqread,berkeleydb,3,750000,0.0191180706024
randread,berkeleydb,3,750000,0.0214190483093
seqwrite,berkeleydb,3,750000,0.188282966614
randwrite,berkeleydb,3,750000,0.19255900383
seqread,berkeleydb,3,750000,0.0189368724823
randread,berkeleydb,3,750000,0.0210440158844
seqwrite,berkeleydb,3,750000,0.188509941101
randwrite,berkeleydb,3,750000,0.191381931305
seqread,berkeleydb,3,750000,0.0192511081696
randread,berkeleydb,3,750000,0.0155589580536
seqwrite,berkeleydb,3,750000,0.193500995636
randwrite,berkeleydb,3,750000,0.193933010101
seqread,berkeleydb,3,750000,0.0192608833313
randread,berkeleydb,3,750000,0.0229678153992
seqwrite,berkeleydb,3,750000,0.191941022873
randwrite,berkeleydb,3,750000,0.206532001495
seqread,berkeleydb,3,750000,0.0193059444427
randread,berkeleydb,3,750000,0.0211870670319
seqwrite,berkeleydb,3,750000,0.188845872879
randwrite,berkeleydb,3,750000,0.190143108368
seqread,berkeleydb,3,750000,0.0205881595612
randread,berkeleydb,3,750000,0.0158631801605
seqwrite,localfs,3,500000,0.00271701812744
randwrite,localfs,3,500000,0.00255417823792
seqread,localfs,3,500000,0.00332808494568
randread,localfs,3,500000,0.00127601623535
seqwrite,localfs,3,500000,0.00384593009949
randwrite,localfs,3,500000,0.00296306610107
seqread,localfs,3,500000,0.0024471282959
randread,localfs,3,500000,0.00139498710632
seqwrite,localfs,3,500000,0.00180721282959
randwrite,localfs,3,500000,0.00333714485168
seqread,localfs,3,500000,0.0018048286438
randread,localfs,3,500000,0.00130486488342
seqwrite,localfs,3,500000,0.00396704673767
randwrite,localfs,3,500000,0.00285911560059
seqread,localfs,3,500000,0.00461506843567
randread,localfs,3,500000,0.00317215919495
seqwrite,localfs,3,500000,0.00364899635315
randwrite,localfs,3,500000,0.00226616859436
seqread,localfs,3,500000,0.00209617614746
randread,localfs,3,500000,0.00313305854797
seqwrite,localfs,3,500000,0.00405812263489
randwrite,localfs,3,500000,0.00303316116333
seqread,localfs,3,500000,0.00219392776489
randread,localfs,3,500000,0.00316119194031
seqwrite,localfs,3,500000,0.00422120094299
randwrite,localfs,3,500000,0.00310111045837
seqread,localfs,3,500000,0.00409007072449
randread,localfs,3,500000,0.00138998031616
seqwrite,localfs,3,500000,0.00194597244263
randwrite,localfs,3,500000,0.00329089164734
seqread,localfs,3,500000,0.00331497192383
randread,localfs,3,500000,0.00318503379822
seqwrite,localfs,3,500000,0.00364804267883
randwrite,localfs,3,500000,0.00292706489563
seqread,localfs,3,500000,0.00338196754456
randread,localfs,3,500000,0.00265312194824
seqwrite,localfs,3,500000,0.00377583503723
randwrite,localfs,3,500000,0.00237798690796
seqread,localfs,3,500000,0.00358986854553
randread,localfs,3,500000,0.00315880775452
seqwrite,berkeleydb,3,500000,0.204798936844
randwrite,berkeleydb,3,500000,0.128363132477
seqread,berkeleydb,3,500000,0.0144989490509
randread,berkeleydb,3,500000,0.0160617828369
seqwrite,berkeleydb,3,500000,0.139558792114
randwrite,berkeleydb,3,500000,0.133713960648
seqread,berkeleydb,3,500000,0.0146460533142
randread,berkeleydb,3,500000,0.0162229537964
seqwrite,berkeleydb,3,500000,0.136163949966
randwrite,berkeleydb,3,500000,0.133265018463
seqread,berkeleydb,3,500000,0.0145320892334
randread,berkeleydb,3,500000,0.0161190032959
seqwrite,berkeleydb,3,500000,0.132905006409
randwrite,berkeleydb,3,500000,0.133391857147
seqread,berkeleydb,3,500000,0.0139899253845
randread,berkeleydb,3,500000,0.0162980556488
seqwrite,berkeleydb,3,500000,0.137704133987
randwrite,berkeleydb,3,500000,0.132148981094
seqread,berkeleydb,3,500000,0.0148930549622
randread,berkeleydb,3,500000,0.0162489414215
seqwrite,berkeleydb,3,500000,0.134971857071
randwrite,berkeleydb,3,500000,0.138828992844
seqread,berkeleydb,3,500000,0.0148358345032
randread,berkeleydb,3,500000,0.017441034317
seqwrite,berkeleydb,3,500000,0.138510942459
randwrite,berkeleydb,3,500000,0.136514902115
seqread,berkeleydb,3,500000,0.0146090984344
randread,berkeleydb,3,500000,0.0161910057068
seqwrite,berkeleydb,3,500000,0.138962984085
randwrite,berkeleydb,3,500000,0.122747898102
seqread,berkeleydb,3,500000,0.0149891376495
randread,berkeleydb,3,500000,0.0159831047058
seqwrite,berkeleydb,3,500000,0.133708953857
randwrite,berkeleydb,3,500000,0.137753009796
seqread,berkeleydb,3,500000,0.0162389278412
randread,berkeleydb,3,500000,0.0160670280457
seqwrite,berkeleydb,3,500000,0.133241891861
randwrite,berkeleydb,3,500000,0.132490873337
seqread,berkeleydb,3,500000,0.0143370628357
randread,berkeleydb,3,500000,0.0165860652924
seqwrite,localfs,3,250000,0.00188994407654
randwrite,localfs,3,250000,0.00153207778931
seqread,localfs,3,250000,0.00146102905273
randread,localfs,3,250000,0.00201201438904
seqwrite,localfs,3,250000,0.0012059211731
randwrite,localfs,3,250000,0.0036461353302
seqread,localfs,3,250000,0.00193285942078
randread,localfs,3,250000,0.000735998153687
seqwrite,localfs,3,250000,0.00215291976929
randwrite,localfs,3,250000,0.00163507461548
seqread,localfs,3,250000,0.00199794769287
randread,localfs,3,250000,0.000792026519775
seqwrite,localfs,3,250000,0.00111413002014
randwrite,localfs,3,250000,0.00349712371826
seqread,localfs,3,250000,0.00226211547852
randread,localfs,3,250000,0.00189995765686
seqwrite,localfs,3,250000,0.00256586074829
randwrite,localfs,3,250000,0.00149297714233
seqread,localfs,3,250000,0.00287199020386
randread,localfs,3,250000,0.00209379196167
seqwrite,localfs,3,250000,0.00257802009583
randwrite,localfs,3,250000,0.00154399871826
seqread,localfs,3,250000,0.00245594978333
randread,localfs,3,250000,0.00103688240051
seqwrite,localfs,3,250000,0.00260806083679
randwrite,localfs,3,250000,0.00153183937073
seqread,localfs,3,250000,0.00332498550415
randread,localfs,3,250000,0.00191497802734
seqwrite,localfs,3,250000,0.00265097618103
randwrite,localfs,3,250000,0.00166201591492
seqread,localfs,3,250000,0.00104808807373
randread,localfs,3,250000,0.00204515457153
seqwrite,localfs,3,250000,0.00249004364014
randwrite,localfs,3,250000,0.00171399116516
seqread,localfs,3,250000,0.00323796272278
randread,localfs,3,250000,0.00141620635986
seqwrite,localfs,3,250000,0.00263094902039
randwrite,localfs,3,250000,0.00151896476746
seqread,localfs,3,250000,0.0024721622467
randread,localfs,3,250000,0.00202393531799
seqwrite,berkeleydb,3,250000,0.106473922729
randwrite,berkeleydb,3,250000,0.0703630447388
seqread,berkeleydb,3,250000,0.00974702835083
randread,berkeleydb,3,250000,0.0110399723053
seqwrite,berkeleydb,3,250000,0.0782239437103
randwrite,berkeleydb,3,250000,0.0760779380798
seqread,berkeleydb,3,250000,0.0105271339417
randread,berkeleydb,3,250000,0.0128829479218
seqwrite,berkeleydb,3,250000,0.0711829662323
randwrite,berkeleydb,3,250000,0.0734770298004
seqread,berkeleydb,3,250000,0.00961804389954
randread,berkeleydb,3,250000,0.00613212585449
seqwrite,berkeleydb,3,250000,0.0689740180969
randwrite,berkeleydb,3,250000,0.0714590549469
seqread,berkeleydb,3,250000,0.00951790809631
randread,berkeleydb,3,250000,0.0112419128418
seqwrite,berkeleydb,3,250000,0.0721080303192
randwrite,berkeleydb,3,250000,0.0780200958252
seqread,berkeleydb,3,250000,0.00976705551147
randread,berkeleydb,3,250000,0.0112330913544
seqwrite,berkeleydb,3,250000,0.0753090381622
randwrite,berkeleydb,3,250000,0.0753781795502
seqread,berkeleydb,3,250000,0.0113809108734
randread,berkeleydb,3,250000,0.0058331489563
seqwrite,berkeleydb,3,250000,0.0751640796661
randwrite,berkeleydb,3,250000,0.0761790275574
seqread,berkeleydb,3,250000,0.00924015045166
randread,berkeleydb,3,250000,0.00595092773438
seqwrite,berkeleydb,3,250000,0.072065114975
randwrite,berkeleydb,3,250000,0.0718429088593
seqread,berkeleydb,3,250000,0.00948786735535
randread,berkeleydb,3,250000,0.0116539001465
seqwrite,berkeleydb,3,250000,0.0771429538727
randwrite,berkeleydb,3,250000,0.0746099948883
seqread,berkeleydb,3,250000,0.0100769996643
randread,berkeleydb,3,250000,0.0110421180725
seqwrite,berkeleydb,3,250000,0.0732660293579
randwrite,berkeleydb,3,250000,0.0851531028748
seqread,berkeleydb,3,250000,0.00936603546143
randread,berkeleydb,3,250000,0.0112700462341
