seqwrite,localfs,3,500000,0.00188612937927
randwrite,localfs,3,500000,0.00241506099701
seqread,localfs,3,500000,0.00187969207764
randread,localfs,3,500000,0.00181525945663
seqwrite,localfs,3,500000,0.0165739059448
randwrite,localfs,3,500000,0.123448491096
seqread,localfs,3,500000,0.082592010498
randread,localfs,3,500000,0.0623304843903
seqwrite,localfs,3,500000,0.01433801651
randwrite,localfs,3,500000,0.0320100784302
seqread,localfs,3,500000,0.0216800371806
randread,localfs,3,500000,0.016654253006
seqwrite,localfs,3,500000,0.0157520771027
randwrite,localfs,3,500000,0.0177745819092
seqread,localfs,3,500000,0.0120313962301
randread,localfs,3,500000,0.00960105657578
seqwrite,localfs,3,500000,0.0155119895935
randwrite,localfs,3,500000,0.0175719261169
seqread,localfs,3,500000,0.0119086106618
randread,localfs,3,500000,0.00931245088577
seqwrite,localfs,3,500000,0.0139520168304
randwrite,localfs,3,500000,0.0175994634628
seqread,localfs,3,500000,0.0119290351868
randread,localfs,3,500000,0.00933200120926
seqwrite,localfs,3,500000,0.0163698196411
randwrite,localfs,3,500000,0.0191649198532
seqread,localfs,3,500000,0.0131332874298
randread,localfs,3,500000,0.0103536844254
seqwrite,localfs,3,500000,0.020133972168
randwrite,localfs,3,500000,0.0195834636688
seqread,localfs,3,500000,0.0132446289062
randread,localfs,3,500000,0.0103187561035
seqwrite,localfs,3,500000,0.0146110057831
randwrite,localfs,3,500000,0.0171749591827
seqread,localfs,3,500000,0.0116983254751
randread,localfs,3,500000,0.00917202234268
seqwrite,localfs,3,500000,0.0133988857269
randwrite,localfs,3,500000,0.0168424844742
seqread,localfs,3,500000,0.0114069779714
randread,localfs,3,500000,0.00893998146057
seqwrite,berkeleydb,3,500000,0.267225027084
randwrite,berkeleydb,3,500000,0.214938521385
seqread,berkeleydb,3,500000,0.146850029627
randread,berkeleydb,3,500000,0.113346278667
seqwrite,berkeleydb,3,500000,0.158812999725
randwrite,berkeleydb,3,500000,0.164925575256
seqread,berkeleydb,3,500000,0.113442738851
randread,berkeleydb,3,500000,0.0880777835846
seqwrite,berkeleydb,3,500000,0.15748500824
randwrite,berkeleydb,3,500000,0.162075042725
seqread,berkeleydb,3,500000,0.111678044001
randread,berkeleydb,3,500000,0.0869038105011
seqwrite,berkeleydb,3,500000,0.161640882492
randwrite,berkeleydb,3,500000,0.178314447403
seqread,berkeleydb,3,500000,0.122402588526
randread,berkeleydb,3,500000,0.0950556993484
seqwrite,berkeleydb,3,500000,0.158056020737
randwrite,berkeleydb,3,500000,0.263406991959
seqread,berkeleydb,3,500000,0.180493036906
randread,berkeleydb,3,500000,0.138843297958
seqwrite,berkeleydb,3,500000,0.173970937729
randwrite,berkeleydb,3,500000,0.17258644104
seqread,berkeleydb,3,500000,0.118602991104
randread,berkeleydb,3,500000,0.0922150015831
seqwrite,berkeleydb,3,500000,0.167397975922
randwrite,berkeleydb,3,500000,0.291680455208
seqread,berkeleydb,3,500000,0.198176304499
randread,berkeleydb,3,500000,0.151794970036
seqwrite,berkeleydb,3,500000,0.164451122284
randwrite,berkeleydb,3,500000,0.163521051407
seqread,berkeleydb,3,500000,0.11287299792
randread,berkeleydb,3,500000,0.0880667567253
seqwrite,berkeleydb,3,500000,0.160603046417
randwrite,berkeleydb,3,500000,0.163772583008
seqread,berkeleydb,3,500000,0.113113005956
randread,berkeleydb,3,500000,0.0880054831505
seqwrite,berkeleydb,3,500000,0.18244099617
randwrite,berkeleydb,3,500000,0.176027417183
seqread,berkeleydb,3,500000,0.121192296346
randread,berkeleydb,3,500000,0.0942075252533
seqwrite,localfs,3,1000000,0.00377702713013
randwrite,localfs,3,1000000,0.00500595569611
seqread,localfs,3,1000000,0.00383861859639
randread,localfs,3,1000000,0.00388818979263
seqwrite,localfs,3,1000000,0.0264580249786
randwrite,localfs,3,1000000,0.0302799940109
seqread,localfs,3,1000000,0.0207046667735
randread,localfs,3,1000000,0.0165292620659
seqwrite,localfs,3,1000000,0.0248332023621
randwrite,localfs,3,1000000,0.0312540531158
seqread,localfs,3,1000000,0.0214003721873
randread,localfs,3,1000000,0.0168520212173
seqwrite,localfs,3,1000000,0.229667901993
randwrite,localfs,3,1000000,0.134036540985
seqread,localfs,3,1000000,0.0899083614349
randread,localfs,3,1000000,0.0682665109634
seqwrite,localfs,3,1000000,0.231986999512
randwrite,localfs,3,1000000,0.133464932442
seqread,localfs,3,1000000,0.0894256432851
randread,localfs,3,1000000,0.0680184960365
seqwrite,localfs,3,1000000,0.025563955307
randwrite,localfs,3,1000000,0.0303720235825
seqread,localfs,3,1000000,0.0206282933553
randread,localfs,3,1000000,0.0163464546204
seqwrite,localfs,3,1000000,0.0322120189667
randwrite,localfs,3,1000000,0.0339319705963
seqread,localfs,3,1000000,0.0229876041412
randread,localfs,3,1000000,0.0180194377899
seqwrite,localfs,3,1000000,0.0435938835144
randwrite,localfs,3,1000000,0.0443629026413
seqread,localfs,3,1000000,0.0299296379089
randread,localfs,3,1000000,0.0232177376747
seqwrite,localfs,3,1000000,0.0266790390015
randwrite,localfs,3,1000000,0.0312279462814
seqread,localfs,3,1000000,0.0212075710297
randread,localfs,3,1000000,0.0167581439018
seqwrite,localfs,3,1000000,0.233075857162
randwrite,localfs,3,1000000,0.139492869377
seqread,localfs,3,1000000,0.0934389432271
randread,localfs,3,1000000,0.0708709955215
seqwrite,berkeleydb,3,1000000,0.471146821976
randwrite,berkeleydb,3,1000000,0.395460367203
seqread,berkeleydb,3,1000000,0.271182934443
randread,berkeleydb,3,1000000,0.209953963757
seqwrite,berkeleydb,3,1000000,0.289423942566
randwrite,berkeleydb,3,1000000,0.300043940544
seqread,berkeleydb,3,1000000,0.207051277161
randread,berkeleydb,3,1000000,0.161596417427
seqwrite,berkeleydb,3,1000000,0.290839910507
randwrite,berkeleydb,3,1000000,0.302209973335
seqread,berkeleydb,3,1000000,0.208468914032
randread,berkeleydb,3,1000000,0.162448942661
seqwrite,berkeleydb,3,1000000,0.301631212234
randwrite,berkeleydb,3,1000000,0.408269524574
seqread,berkeleydb,3,1000000,0.279373327891
randread,berkeleydb,3,1000000,0.216284990311
seqwrite,berkeleydb,3,1000000,0.295825004578
randwrite,berkeleydb,3,1000000,0.303265571594
seqread,berkeleydb,3,1000000,0.209048986435
randread,berkeleydb,3,1000000,0.163397729397
seqwrite,berkeleydb,3,1000000,0.293668031693
randwrite,berkeleydb,3,1000000,0.316271066666
seqread,berkeleydb,3,1000000,0.218212683996
randread,berkeleydb,3,1000000,0.170164763927
seqwrite,berkeleydb,3,1000000,0.301010131836
randwrite,berkeleydb,3,1000000,0.309783101082
seqread,berkeleydb,3,1000000,0.21372238795
randread,berkeleydb,3,1000000,0.166841030121
seqwrite,berkeleydb,3,1000000,0.321208953857
randwrite,berkeleydb,3,1000000,0.327991485596
seqread,berkeleydb,3,1000000,0.225728988647
randread,berkeleydb,3,1000000,0.175920963287
seqwrite,berkeleydb,3,1000000,0.500674009323
randwrite,berkeleydb,3,1000000,0.408606529236
seqread,berkeleydb,3,1000000,0.279376029968
randread,berkeleydb,3,1000000,0.215910315514
seqwrite,berkeleydb,3,1000000,0.310113191605
randwrite,berkeleydb,3,1000000,0.328858494759
seqread,berkeleydb,3,1000000,0.226614316305
randread,berkeleydb,3,1000000,0.176838696003
seqwrite,localfs,3,1500000,0.00539994239807
randwrite,localfs,3,1500000,0.0073949098587
seqread,localfs,3,1500000,0.00558725992839
randread,localfs,3,1500000,0.00540089607239
seqwrite,localfs,3,1500000,0.033910036087
randwrite,localfs,3,1500000,0.0430674552917
seqread,localfs,3,1500000,0.0294786294301
randread,localfs,3,1500000,0.0234735012054
seqwrite,localfs,3,1500000,0.0349760055542
randwrite,localfs,3,1500000,0.0426775217056
seqread,localfs,3,1500000,0.0290053685506
randread,localfs,3,1500000,0.0229017734528
seqwrite,localfs,3,1500000,0.03963804245
randwrite,localfs,3,1500000,0.0451830625534
seqread,localfs,3,1500000,0.0306900342306
randread,localfs,3,1500000,0.0241770148277
seqwrite,localfs,3,1500000,0.0361199378967
randwrite,localfs,3,1500000,0.0428994894028
seqread,localfs,3,1500000,0.029309352239
randread,localfs,3,1500000,0.0232440233231
seqwrite,localfs,3,1500000,0.0377728939056
randwrite,localfs,3,1500000,0.0443114042282
seqread,localfs,3,1500000,0.0301612218221
randread,localfs,3,1500000,0.0238446593285
seqwrite,localfs,3,1500000,0.0351769924164
randwrite,localfs,3,1500000,0.143557906151
seqread,localfs,3,1500000,0.0963195959727
randread,localfs,3,1500000,0.0735931992531
seqwrite,localfs,3,1500000,0.0384628772736
randwrite,localfs,3,1500000,0.0452443361282
seqread,localfs,3,1500000,0.0308892726898
randread,localfs,3,1500000,0.0244892239571
seqwrite,localfs,3,1500000,0.039155960083
randwrite,localfs,3,1500000,0.0452969074249
seqread,localfs,3,1500000,0.0308502515157
randread,localfs,3,1500000,0.0244229435921
seqwrite,localfs,3,1500000,0.0373129844666
randwrite,localfs,3,1500000,0.045604467392
seqread,localfs,3,1500000,0.0310416221619
randread,localfs,3,1500000,0.0245977044106
seqwrite,berkeleydb,3,1500000,0.674705028534
randwrite,berkeleydb,3,1500000,0.669759988785
seqread,berkeleydb,3,1500000,0.456774314245
randread,berkeleydb,3,1500000,0.351966738701
seqwrite,berkeleydb,3,1500000,0.411062955856
randwrite,berkeleydb,3,1500000,0.436931490898
seqread,berkeleydb,3,1500000,0.301612377167
randread,berkeleydb,3,1500000,0.235772490501
seqwrite,berkeleydb,3,1500000,0.427309989929
randwrite,berkeleydb,3,1500000,0.461095929146
seqread,berkeleydb,3,1500000,0.318808635076
randread,berkeleydb,3,1500000,0.250154197216
seqwrite,berkeleydb,3,1500000,0.424898862839
randwrite,berkeleydb,3,1500000,0.445842504501
seqread,berkeleydb,3,1500000,0.308005015055
randread,berkeleydb,3,1500000,0.240614295006
seqwrite,berkeleydb,3,1500000,0.44535112381
randwrite,berkeleydb,3,1500000,0.458082675934
seqread,berkeleydb,3,1500000,0.316267093023
randread,berkeleydb,3,1500000,0.247271776199
seqwrite,berkeleydb,3,1500000,0.427921772003
randwrite,berkeleydb,3,1500000,0.561381340027
seqread,berkeleydb,3,1500000,0.385208209356
randread,berkeleydb,3,1500000,0.29868888855
seqwrite,berkeleydb,3,1500000,0.432453870773
randwrite,berkeleydb,3,1500000,0.577300429344
seqread,berkeleydb,3,1500000,0.395902315776
randread,berkeleydb,3,1500000,0.307727515697
seqwrite,berkeleydb,3,1500000,0.452446937561
randwrite,berkeleydb,3,1500000,0.465490460396
seqread,berkeleydb,3,1500000,0.320697704951
randread,berkeleydb,3,1500000,0.250077486038
seqwrite,berkeleydb,3,1500000,0.439743041992
randwrite,berkeleydb,3,1500000,0.458618998528
seqread,berkeleydb,3,1500000,0.316297690074
randread,berkeleydb,3,1500000,0.247037231922
seqwrite,berkeleydb,3,1500000,3.43137097359
randwrite,berkeleydb,3,1500000,3.88619554043
seqread,berkeleydb,3,1500000,2.68978238106
randread,berkeleydb,3,1500000,2.133238554
seqwrite,localfs,3,2000000,0.104276895523
randwrite,localfs,3,2000000,0.112864971161
seqread,localfs,3,2000000,0.0760560035706
randread,localfs,3,2000000,0.0857847332954
seqwrite,localfs,3,2000000,0.0406939983368
randwrite,localfs,3,2000000,0.118843078613
seqread,localfs,3,2000000,0.0805554389954
randread,localfs,3,2000000,0.0835735797882
seqwrite,localfs,3,2000000,0.107253074646
randwrite,localfs,3,2000000,0.0873690843582
seqread,localfs,3,2000000,0.0951007207235
randread,localfs,3,2000000,0.0728597640991
seqwrite,localfs,3,2000000,0.282678127289
randwrite,localfs,3,2000000,0.174875020981
seqread,localfs,3,2000000,0.117658297221
randread,localfs,3,2000000,0.117401957512
seqwrite,localfs,3,2000000,0.0724968910217
randwrite,localfs,3,2000000,0.215392947197
seqread,localfs,3,2000000,0.144941965739
randread,localfs,3,2000000,0.131974697113
seqwrite,localfs,3,2000000,0.0718789100647
randwrite,localfs,3,2000000,0.220202445984
seqread,localfs,3,2000000,0.147826592127
randread,localfs,3,2000000,0.137003958225
seqwrite,localfs,3,2000000,0.0514059066772
randwrite,localfs,3,2000000,0.113374948502
seqread,localfs,3,2000000,0.0764803091685
randread,localfs,3,2000000,0.0865874886513
seqwrite,localfs,3,2000000,0.0297338962555
randwrite,localfs,3,2000000,0.0966545343399
seqread,localfs,3,2000000,0.0655063788096
randread,localfs,3,2000000,0.0784760713577
seqwrite,localfs,3,2000000,0.0512011051178
randwrite,localfs,3,2000000,0.107733488083
seqread,localfs,3,2000000,0.0726526578267
randread,localfs,3,2000000,0.0807822346687
seqwrite,localfs,3,2000000,0.0517661571503
randwrite,localfs,3,2000000,0.0929526090622
seqread,localfs,3,2000000,0.0916314125061
randread,localfs,3,2000000,0.0705455541611
seqwrite,berkeleydb,3,2000000,9.17117094994
randwrite,berkeleydb,3,2000000,7.23507201672
seqread,berkeleydb,3,2000000,4.93803564707
randread,berkeleydb,3,2000000,3.82532447577
seqwrite,berkeleydb,3,2000000,5.25010108948
randwrite,berkeleydb,3,2000000,5.45044004917
seqread,berkeleydb,3,2000000,3.77635304133
randread,berkeleydb,3,2000000,2.97774380445
seqwrite,berkeleydb,3,2000000,5.30082392693
randwrite,berkeleydb,3,2000000,5.37568497658
seqread,berkeleydb,3,2000000,3.72670761744
randread,berkeleydb,3,2000000,2.9164801836
seqwrite,berkeleydb,3,2000000,5.50990509987
randwrite,berkeleydb,3,2000000,4.33704149723
seqread,berkeleydb,3,2000000,2.90601634979
randread,berkeleydb,3,2000000,2.192961514
seqwrite,berkeleydb,3,2000000,0.560377120972
randwrite,berkeleydb,3,2000000,0.593521475792
seqread,berkeleydb,3,2000000,0.411225954692
randread,berkeleydb,3,2000000,0.321783959866
seqwrite,berkeleydb,3,2000000,0.578310012817
randwrite,berkeleydb,3,2000000,0.610480427742
seqread,berkeleydb,3,2000000,0.421828667323
randread,berkeleydb,3,2000000,0.329519510269
seqwrite,berkeleydb,3,2000000,0.561269044876
randwrite,berkeleydb,3,2000000,0.817934989929
seqread,berkeleydb,3,2000000,0.56015698115
randread,berkeleydb,3,2000000,0.433168768883
seqwrite,berkeleydb,3,2000000,3.65796804428
randwrite,berkeleydb,3,2000000,4.43433511257
seqread,berkeleydb,3,2000000,3.10807506243
randread,berkeleydb,3,2000000,2.48016029596
seqwrite,berkeleydb,3,2000000,5.7464261055
randwrite,berkeleydb,3,2000000,3.52646946907
seqread,berkeleydb,3,2000000,2.3657699426
randread,berkeleydb,3,2000000,1.78727293015
seqwrite,berkeleydb,3,2000000,0.765967130661
randwrite,berkeleydb,3,2000000,0.702319025993
seqread,berkeleydb,3,2000000,0.483797391256
randread,berkeleydb,3,2000000,0.375908792019
seqwrite,localfs,3,2500000,0.00897192955017
randwrite,localfs,3,2500000,0.0117629766464
seqread,localfs,3,2500000,0.00886034965515
randread,localfs,3,2500000,0.00861603021622
seqwrite,localfs,3,2500000,0.0757761001587
randwrite,localfs,3,2500000,0.0834455490112
seqread,localfs,3,2500000,0.0566159884135
randread,localfs,3,2500000,0.0445697307587
seqwrite,localfs,3,2500000,0.0659070014954
randwrite,localfs,3,2500000,0.197118520737
seqread,localfs,3,2500000,0.132648070653
randread,localfs,3,2500000,0.101700782776
seqwrite,localfs,3,2500000,0.30977678299
randwrite,localfs,3,2500000,0.197882890701
seqread,localfs,3,2500000,0.132972637812
randread,localfs,3,2500000,0.102038681507
seqwrite,localfs,3,2500000,0.0697250366211
randwrite,localfs,3,2500000,0.0786914825439
seqread,localfs,3,2500000,0.0534989833832
randread,localfs,3,2500000,0.0423136949539
seqwrite,localfs,3,2500000,0.0595149993896
randwrite,localfs,3,2500000,0.285829424858
seqread,localfs,3,2500000,0.191567659378
randread,localfs,3,2500000,0.14651876688
seqwrite,localfs,3,2500000,0.0586149692535
randwrite,localfs,3,2500000,0.280071973801
seqread,localfs,3,2500000,0.187767982483
randread,localfs,3,2500000,0.143441438675
seqwrite,localfs,3,2500000,0.0644879341125
randwrite,localfs,3,2500000,0.170828461647
seqread,localfs,3,2500000,0.115089257558
randread,localfs,3,2500000,0.0886067152023
seqwrite,localfs,3,2500000,0.072793006897
randwrite,localfs,3,2500000,0.077721953392
seqread,localfs,3,2500000,0.0528450012207
randread,localfs,3,2500000,0.0417377352715
seqwrite,localfs,3,2500000,0.0631949901581
randwrite,localfs,3,2500000,0.0762909650803
seqread,localfs,3,2500000,0.0519313812256
randread,localfs,3,2500000,0.0411502718925
seqwrite,berkeleydb,3,2500000,1.13036990166
randwrite,berkeleydb,3,2500000,1.07647943497
seqread,berkeleydb,3,2500000,0.735390901566
randread,berkeleydb,3,2500000,0.567974150181
seqwrite,berkeleydb,3,2500000,0.6752409935
randwrite,berkeleydb,3,2500000,0.814160108566
seqread,berkeleydb,3,2500000,0.560891707738
randread,berkeleydb,3,2500000,0.437003493309
seqwrite,berkeleydb,3,2500000,2.7976899147
randwrite,berkeleydb,3,2500000,4.74040091038
seqread,berkeleydb,3,2500000,3.35371859868
randread,berkeleydb,3,2500000,2.68951618671
seqwrite,berkeleydb,3,2500000,6.75334095955
randwrite,berkeleydb,3,2500000,6.94504702091
seqread,berkeleydb,3,2500000,4.79817970594
randread,berkeleydb,3,2500000,3.78012782335
seqwrite,berkeleydb,3,2500000,7.44226503372
randwrite,berkeleydb,3,2500000,7.21233904362
seqread,berkeleydb,3,2500000,4.97598807017
randread,berkeleydb,3,2500000,3.90274858475
seqwrite,berkeleydb,3,2500000,6.91138386726
randwrite,berkeleydb,3,2500000,4.61487734318
seqread,berkeleydb,3,2500000,3.09664058685
randread,berkeleydb,3,2500000,2.33896297216
seqwrite,berkeleydb,3,2500000,0.729871988297
randwrite,berkeleydb,3,2500000,1.01407849789
seqread,berkeleydb,3,2500000,0.694317022959
randread,berkeleydb,3,2500000,0.53808927536
seqwrite,berkeleydb,3,2500000,0.700176954269
randwrite,berkeleydb,3,2500000,1.04544591904
seqread,berkeleydb,3,2500000,0.715870936712
randread,berkeleydb,3,2500000,0.553970932961
seqwrite,berkeleydb,3,2500000,0.719131946564
randwrite,berkeleydb,3,2500000,4.01749193668
seqread,berkeleydb,3,2500000,2.87073556582
randread,berkeleydb,3,2500000,2.34206992388
seqwrite,berkeleydb,3,2500000,7.40534710884
randwrite,berkeleydb,3,2500000,7.23281705379
seqread,berkeleydb,3,2500000,5.0346736908
randread,berkeleydb,3,2500000,3.8110037446
seqwrite,localfs,3,3000000,0.0118050575256
randwrite,localfs,3,3000000,0.0156165361404
seqread,localfs,3,3000000,0.0120443503062
randread,localfs,3,3000000,0.0116062164307
seqwrite,localfs,3,3000000,0.285557985306
randwrite,localfs,3,3000000,0.287345528603
seqread,localfs,3,3000000,0.193191687266
randread,localfs,3,3000000,0.147932529449
seqwrite,localfs,3,3000000,0.0968410968781
randwrite,localfs,3,3000000,0.098247051239
seqread,localfs,3,3000000,0.0667303403219
randread,localfs,3,3000000,0.0525197982788
seqwrite,localfs,3,3000000,0.270416021347
randwrite,localfs,3,3000000,0.313212037086
seqread,localfs,3,3000000,0.210343996684
randread,localfs,3,3000000,0.160376250744
seqwrite,localfs,3,3000000,0.0682411193848
randwrite,localfs,3,3000000,0.0842745304108
seqread,localfs,3,3000000,0.0574310620626
randread,localfs,3,3000000,0.0456390380859
seqwrite,localfs,3,3000000,0.0675740242004
randwrite,localfs,3,3000000,0.0850840806961
seqread,localfs,3,3000000,0.0582003593445
randread,localfs,3,3000000,0.0469138026237
seqwrite,localfs,3,3000000,0.0942649841309
randwrite,localfs,3,3000000,0.0967789888382
seqread,localfs,3,3000000,0.065904935201
randread,localfs,3,3000000,0.0520511865616
seqwrite,localfs,3,3000000,0.294223070145
randwrite,localfs,3,3000000,0.202071547508
seqread,localfs,3,3000000,0.136163393656
randread,localfs,3,3000000,0.105101585388
seqwrite,localfs,3,3000000,0.0648441314697
randwrite,localfs,3,3000000,0.180898547173
seqread,localfs,3,3000000,0.12180407842
randread,localfs,3,3000000,0.0938483476639
seqwrite,localfs,3,3000000,0.0803301334381
randwrite,localfs,3,3000000,0.089944601059
seqread,localfs,3,3000000,0.0611880620321
randread,localfs,3,3000000,0.0488898158073
seqwrite,berkeleydb,3,3000000,1.36157488823
randwrite,berkeleydb,3,3000000,1.15091693401
seqread,berkeleydb,3,3000000,0.795901298523
randread,berkeleydb,3,3000000,0.616437494755
seqwrite,berkeleydb,3,3000000,0.877105951309
randwrite,berkeleydb,3,3000000,0.913322925568
seqread,berkeleydb,3,3000000,0.630896965663
randread,berkeleydb,3,3000000,0.492993175983
seqwrite,berkeleydb,3,3000000,0.817594051361
randwrite,berkeleydb,3,3000000,3.16784107685
seqread,berkeleydb,3,3000000,2.35026741028
randread,berkeleydb,3,3000000,1.99343180656
seqwrite,berkeleydb,3,3000000,8.82453799248
randwrite,berkeleydb,3,3000000,8.53914248943
seqread,berkeleydb,3,3000000,5.92975465457
randread,berkeleydb,3,3000000,4.67392772436
seqwrite,berkeleydb,3,3000000,8.36836218834
randwrite,berkeleydb,3,3000000,8.54955804348
seqread,berkeleydb,3,3000000,5.92586334546
randread,berkeleydb,3,3000000,4.58306252956
seqwrite,berkeleydb,3,3000000,0.937754154205
randwrite,berkeleydb,3,3000000,0.955782532692
seqread,berkeleydb,3,3000000,0.658852338791
randread,berkeleydb,3,3000000,0.513469517231
seqwrite,berkeleydb,3,3000000,0.875658988953
randwrite,berkeleydb,3,3000000,1.21296596527
seqread,berkeleydb,3,3000000,0.830782651901
randread,berkeleydb,3,3000000,0.643046736717
seqwrite,berkeleydb,3,3000000,0.866807937622
randwrite,berkeleydb,3,3000000,2.45886051655
seqread,berkeleydb,3,3000000,1.82567167282
randread,berkeleydb,3,3000000,1.63306373358
seqwrite,berkeleydb,3,3000000,8.15962004662
randwrite,berkeleydb,3,3000000,8.24823200703
seqread,berkeleydb,3,3000000,5.69610699018
randread,berkeleydb,3,3000000,4.47935801744
seqwrite,berkeleydb,3,3000000,7.03014302254
randwrite,berkeleydb,3,3000000,4.14790296555
seqread,berkeleydb,3,3000000,2.79537836711
randread,berkeleydb,3,3000000,2.12296700478
seqwrite,localfs,3,3500000,0.0160429477692
randwrite,localfs,3,3500000,0.0214120149612
seqread,localfs,3,3500000,0.0162659486135
randread,localfs,3,3500000,0.0168907642365
seqwrite,localfs,3,3500000,0.0695481300354
randwrite,localfs,3,3500000,0.21338057518
seqread,localfs,3,3500000,0.143859068553
randread,localfs,3,3500000,0.111470758915
seqwrite,localfs,3,3500000,0.0781490802765
randwrite,localfs,3,3500000,0.0970076322556
seqread,localfs,3,3500000,0.0667017300924
randread,localfs,3,3500000,0.0535165667534
seqwrite,localfs,3,3500000,0.140295028687
randwrite,localfs,3,3500000,0.13128554821
seqread,localfs,3,3500000,0.0891849994659
randread,localfs,3,3500000,0.0703262090683
seqwrite,localfs,3,3500000,0.313015937805
randwrite,localfs,3,3500000,0.233600020409
seqread,localfs,3,3500000,0.157572984695
randread,localfs,3,3500000,0.121972739697
seqwrite,localfs,3,3500000,0.0825490951538
randwrite,localfs,3,3500000,0.0985831022263
seqread,localfs,3,3500000,0.068169037501
randread,localfs,3,3500000,0.055039525032
seqwrite,localfs,3,3500000,0.0756061077118
randwrite,localfs,3,3500000,0.197843551636
seqread,localfs,3,3500000,0.133466720581
randread,localfs,3,3500000,0.103062570095
seqwrite,localfs,3,3500000,0.114327907562
randwrite,localfs,3,3500000,0.238261461258
seqread,localfs,3,3500000,0.160257339478
randread,localfs,3,3500000,0.122990012169
seqwrite,localfs,3,3500000,0.160774230957
randwrite,localfs,3,3500000,0.260633111
seqread,localfs,3,3500000,0.175272385279
randread,localfs,3,3500000,0.135004341602
seqwrite,localfs,3,3500000,0.0778000354767
randwrite,localfs,3,3500000,0.0958535671234
seqread,localfs,3,3500000,0.0654486815135
randread,localfs,3,3500000,0.0525079965591
seqwrite,berkeleydb,3,3500000,1.56980013847
randwrite,berkeleydb,3,3500000,1.35422897339
seqread,berkeleydb,3,3500000,0.927338997523
randread,berkeleydb,3,3500000,0.718212783337
seqwrite,berkeleydb,3,3500000,2.47079610825
randwrite,berkeleydb,3,3500000,5.90473401546
seqread,berkeleydb,3,3500000,4.17726604144
randread,berkeleydb,3,3500000,3.36909377575
seqwrite,berkeleydb,3,3500000,9.17662596703
randwrite,berkeleydb,3,3500000,9.22589302063
seqread,berkeleydb,3,3500000,6.37539831797
randread,berkeleydb,3,3500000,5.01532775164
seqwrite,berkeleydb,3,3500000,5.51887893677
randwrite,berkeleydb,3,3500000,3.46313297749
seqread,berkeleydb,3,3500000,2.33311764399
randread,berkeleydb,3,3500000,1.77252370119
seqwrite,berkeleydb,3,3500000,0.958951950073
randwrite,berkeleydb,3,3500000,1.12078940868
seqread,berkeleydb,3,3500000,0.773869991302
randread,berkeleydb,3,3500000,0.604344248772
seqwrite,berkeleydb,3,3500000,1.04546403885
randwrite,berkeleydb,3,3500000,3.47464346886
seqread,berkeleydb,3,3500000,2.61569897334
randread,berkeleydb,3,3500000,2.26891124249
seqwrite,berkeleydb,3,3500000,10.6673209667
randwrite,berkeleydb,3,3500000,10.498734951
seqread,berkeleydb,3,3500000,7.26926835378
randread,berkeleydb,3,3500000,5.71515029669
seqwrite,berkeleydb,3,3500000,5.78085398674
randwrite,berkeleydb,3,3500000,3.45753550529
seqread,berkeleydb,3,3500000,2.33341868718
randread,berkeleydb,3,3500000,1.77561897039
seqwrite,berkeleydb,3,3500000,1.02764797211
randwrite,berkeleydb,3,3500000,1.21707689762
seqread,berkeleydb,3,3500000,0.839569965998
randread,berkeleydb,3,3500000,0.656461238861
seqwrite,berkeleydb,3,3500000,0.981206893921
randwrite,berkeleydb,3,3500000,2.43613243103
seqread,berkeleydb,3,3500000,1.88655996323
randread,berkeleydb,3,3500000,1.65213423967
seqwrite,localfs,3,4000000,0.111494064331
randwrite,localfs,3,4000000,0.175908565521
seqread,localfs,3,4000000,0.119340101878
randread,localfs,3,4000000,0.141663849354
seqwrite,localfs,3,4000000,0.16810297966
randwrite,localfs,3,4000000,0.303285956383
seqread,localfs,3,4000000,0.240035613378
randread,localfs,3,4000000,0.210676252842
seqwrite,localfs,3,4000000,0.190026044846
randwrite,localfs,3,4000000,0.200048923492
seqread,localfs,3,4000000,0.171252648036
randread,localfs,3,4000000,0.156308531761
seqwrite,localfs,3,4000000,0.222778081894
randwrite,localfs,3,4000000,0.370902061462
seqread,localfs,3,4000000,0.281316677729
randread,localfs,3,4000000,0.238786756992
seqwrite,localfs,3,4000000,0.244338035583
randwrite,localfs,3,4000000,0.237413525581
seqread,localfs,3,4000000,0.196127653122
randread,localfs,3,4000000,0.177568495274
seqwrite,localfs,3,4000000,0.200361013412
randwrite,localfs,3,4000000,0.495505094528
seqread,localfs,3,4000000,0.332147677739
randread,localfs,3,4000000,0.276701748371
seqwrite,localfs,3,4000000,0.210887908936
randwrite,localfs,3,4000000,0.216085910797
seqread,localfs,3,4000000,0.182216246923
randread,localfs,3,4000000,0.164453208447
seqwrite,localfs,3,4000000,0.2959420681
randwrite,localfs,3,4000000,0.379229426384
seqread,localfs,3,4000000,0.290727297465
randread,localfs,3,4000000,0.24598801136
seqwrite,localfs,3,4000000,0.200596809387
randwrite,localfs,3,4000000,0.205658316612
seqread,localfs,3,4000000,0.171563227971
randread,localfs,3,4000000,0.181264400482
seqwrite,localfs,3,4000000,0.157541036606
randwrite,localfs,3,4000000,0.211986064911
seqread,localfs,3,4000000,0.143167336782
randread,localfs,3,4000000,0.165169477463
seqwrite,berkeleydb,3,4000000,17.4685389996
randwrite,berkeleydb,3,4000000,12.8674279451
seqread,berkeleydb,3,4000000,8.60790260633
randread,berkeleydb,3,4000000,6.48333722353
seqwrite,berkeleydb,3,4000000,1.09509897232
randwrite,berkeleydb,3,4000000,1.18647551537
seqread,berkeleydb,3,4000000,0.818485021591
randread,berkeleydb,3,4000000,0.63908302784
seqwrite,berkeleydb,3,4000000,1.08591604233
randwrite,berkeleydb,3,4000000,1.2615865469
seqread,berkeleydb,3,4000000,1.12736137708
randread,berkeleydb,3,4000000,1.13817429543
seqwrite,berkeleydb,3,4000000,10.5863499641
randwrite,berkeleydb,3,4000000,10.8907889128
seqread,berkeleydb,3,4000000,7.50941260656
randread,berkeleydb,3,4000000,5.89892596006
seqwrite,berkeleydb,3,4000000,10.1119639874
randwrite,berkeleydb,3,4000000,5.78497195244
seqread,berkeleydb,3,4000000,3.88943998019
randread,berkeleydb,3,4000000,2.94494372606
seqwrite,berkeleydb,3,4000000,1.13881707191
randwrite,berkeleydb,3,4000000,1.25782155991
seqread,berkeleydb,3,4000000,0.871427377065
randread,berkeleydb,3,4000000,0.685514807701
seqwrite,berkeleydb,3,4000000,8.25203490257
randwrite,berkeleydb,3,4000000,9.64893090725
seqread,berkeleydb,3,4000000,6.69349559148
randread,berkeleydb,3,4000000,5.25972944498
seqwrite,berkeleydb,3,4000000,10.7780590057
randwrite,berkeleydb,3,4000000,9.88450741768
seqread,berkeleydb,3,4000000,6.61942831675
randread,berkeleydb,3,4000000,4.9912405014
seqwrite,berkeleydb,3,4000000,1.12424993515
randwrite,berkeleydb,3,4000000,1.20973992348
seqread,berkeleydb,3,4000000,0.835621595383
randread,berkeleydb,3,4000000,0.655992686749
seqwrite,berkeleydb,3,4000000,1.16755914688
randwrite,berkeleydb,3,4000000,4.55959117413
seqread,berkeleydb,3,4000000,3.30914012591
randread,berkeleydb,3,4000000,2.74885463715
seqwrite,localfs,3,4500000,0.2475669384
randwrite,localfs,3,4500000,0.246386885643
seqread,localfs,3,4500000,0.198775927226
randread,localfs,3,4500000,0.177450656891
seqwrite,localfs,3,4500000,0.204577922821
randwrite,localfs,3,4500000,0.444033384323
seqread,localfs,3,4500000,0.330258607864
randread,localfs,3,4500000,0.278450667858
seqwrite,localfs,3,4500000,0.481132030487
randwrite,localfs,3,4500000,0.52324450016
seqread,localfs,3,4500000,0.384022951126
randread,localfs,3,4500000,0.312718749046
seqwrite,localfs,3,4500000,0.312080860138
randwrite,localfs,3,4500000,0.467921495438
seqread,localfs,3,4500000,0.350736618042
randread,localfs,3,4500000,0.319056212902
seqwrite,localfs,3,4500000,0.316854000092
randwrite,localfs,3,4500000,0.545081496239
seqread,localfs,3,4500000,0.401975711187
randread,localfs,3,4500000,0.329911828041
seqwrite,localfs,3,4500000,0.379284858704
randwrite,localfs,3,4500000,0.555250406265
seqread,localfs,3,4500000,0.37225763003
randread,localfs,3,4500000,0.331955254078
seqwrite,localfs,3,4500000,0.181273937225
randwrite,localfs,3,4500000,0.356523990631
seqread,localfs,3,4500000,0.275823672613
randread,localfs,3,4500000,0.234860539436
seqwrite,localfs,3,4500000,0.31795501709
randwrite,localfs,3,4500000,0.32819211483
seqread,localfs,3,4500000,0.253128687541
randread,localfs,3,4500000,0.21884304285
seqwrite,localfs,3,4500000,0.248093128204
randwrite,localfs,3,4500000,0.633688569069
seqread,localfs,3,4500000,0.45690369606
randread,localfs,3,4500000,0.371178269386
seqwrite,localfs,3,4500000,0.183145999908
randwrite,localfs,3,4500000,0.399918079376
seqread,localfs,3,4500000,0.268534024556
randread,localfs,3,4500000,0.232163786888
seqwrite,berkeleydb,3,4500000,15.3154919147
randwrite,berkeleydb,3,4500000,8.71314144135
seqread,berkeleydb,3,4500000,5.84039195379
randread,berkeleydb,3,4500000,4.40960872173
seqwrite,berkeleydb,3,4500000,1.59925103188
randwrite,berkeleydb,3,4500000,1.59066593647
seqread,berkeleydb,3,4500000,1.09104196231
randread,berkeleydb,3,4500000,0.846576988697
seqwrite,berkeleydb,3,4500000,5.28441596031
randwrite,berkeleydb,3,4500000,8.70958542824
seqread,berkeleydb,3,4500000,6.10710096359
randread,berkeleydb,3,4500000,4.87507122755
seqwrite,berkeleydb,3,4500000,11.7803890705
randwrite,berkeleydb,3,4500000,8.95991456509
seqread,berkeleydb,3,4500000,6.00434406598
randread,berkeleydb,3,4500000,4.5319930315
seqwrite,berkeleydb,3,4500000,1.21509194374
randwrite,berkeleydb,3,4500000,1.2924798727
seqread,berkeleydb,3,4500000,0.896869897842
randread,berkeleydb,3,4500000,0.706558227539
seqwrite,berkeleydb,3,4500000,2.65650200844
randwrite,berkeleydb,3,4500000,7.21583604813
seqread,berkeleydb,3,4500000,5.13595032692
randread,berkeleydb,3,4500000,4.1484400034
seqwrite,berkeleydb,3,4500000,11.7062399387
randwrite,berkeleydb,3,4500000,12.0926280022
seqread,berkeleydb,3,4500000,8.1258790493
randread,berkeleydb,3,4500000,6.1232688427
seqwrite,berkeleydb,3,4500000,1.21645998955
randwrite,berkeleydb,3,4500000,1.44978749752
seqread,berkeleydb,3,4500000,0.998565038045
randread,berkeleydb,3,4500000,0.778623282909
seqwrite,berkeleydb,3,4500000,1.22555613518
randwrite,berkeleydb,3,4500000,4.69585251808
seqread,berkeleydb,3,4500000,3.44721968969
randread,berkeleydb,3,4500000,2.87760353088
seqwrite,berkeleydb,3,4500000,12.0386600494
randwrite,berkeleydb,3,4500000,11.9984310865
seqread,berkeleydb,3,4500000,8.33793274562
randread,berkeleydb,3,4500000,6.46253556013
seqwrite,localfs,3,5000000,0.0184140205383
randwrite,localfs,3,5000000,0.0250566005707
seqread,localfs,3,5000000,0.0187414487203
randread,localfs,3,5000000,0.0188905596733
seqwrite,localfs,3,5000000,0.115605115891
randwrite,localfs,3,5000000,0.140825986862
seqread,localfs,3,5000000,0.0966223080953
randread,localfs,3,5000000,0.078456223011
seqwrite,localfs,3,5000000,0.350098133087
randwrite,localfs,3,5000000,0.368097066879
seqread,localfs,3,5000000,0.247850100199
randread,localfs,3,5000000,0.189916312695
seqwrite,localfs,3,5000000,0.305337190628
randwrite,localfs,3,5000000,0.43082010746
seqread,localfs,3,5000000,0.289197047551
randread,localfs,3,5000000,0.221589267254
seqwrite,localfs,3,5000000,0.363338947296
randwrite,localfs,3,5000000,0.499808907509
seqread,localfs,3,5000000,0.335290590922
randread,localfs,3,5000000,0.255779206753
seqwrite,localfs,3,5000000,0.536612987518
randwrite,localfs,3,5000000,0.348923921585
seqread,localfs,3,5000000,0.234771966934
randread,localfs,3,5000000,0.180511713028
seqwrite,localfs,3,5000000,0.382580041885
randwrite,localfs,3,5000000,0.271950006485
seqread,localfs,3,5000000,0.18371462822
randread,localfs,3,5000000,0.141738474369
seqwrite,localfs,3,5000000,0.347464799881
randwrite,localfs,3,5000000,0.360408306122
seqread,localfs,3,5000000,0.242732922236
randread,localfs,3,5000000,0.186383903027
seqwrite,localfs,3,5000000,0.315084934235
randwrite,localfs,3,5000000,0.325826048851
seqread,localfs,3,5000000,0.219266732534
randread,localfs,3,5000000,0.168328285217
seqwrite,localfs,3,5000000,0.34633898735
randwrite,localfs,3,5000000,0.254132986069
seqread,localfs,3,5000000,0.171546697617
randread,localfs,3,5000000,0.133861780167
seqwrite,berkeleydb,3,5000000,2.19409894943
randwrite,berkeleydb,3,5000000,1.84848105907
seqread,berkeleydb,3,5000000,1.26627802849
randread,berkeleydb,3,5000000,0.981326520443
seqwrite,berkeleydb,3,5000000,1.32127094269
randwrite,berkeleydb,3,5000000,1.42606043816
seqread,berkeleydb,3,5000000,0.985627333323
randread,berkeleydb,3,5000000,0.771082758904
seqwrite,berkeleydb,3,5000000,1.33904004097
randwrite,berkeleydb,3,5000000,1.66458153725
seqread,berkeleydb,3,5000000,1.42314767838
randread,berkeleydb,3,5000000,1.39197301865
seqwrite,berkeleydb,3,5000000,14.020004034
randwrite,berkeleydb,3,5000000,13.5263289213
seqread,berkeleydb,3,5000000,9.34185393651
randread,berkeleydb,3,5000000,7.33225917816
seqwrite,berkeleydb,3,5000000,13.5272109509
randwrite,berkeleydb,3,5000000,13.7332199812
seqread,berkeleydb,3,5000000,9.5215280056
randread,berkeleydb,3,5000000,7.5170352459
seqwrite,berkeleydb,3,5000000,13.8852648735
randwrite,berkeleydb,3,5000000,14.0513263941
seqread,berkeleydb,3,5000000,9.73212361336
randread,berkeleydb,3,5000000,7.64768570662
seqwrite,berkeleydb,3,5000000,7.46232509613
randwrite,berkeleydb,3,5000000,4.66047501564
seqread,berkeleydb,3,5000000,3.14217098554
randread,berkeleydb,3,5000000,2.38942700624
seqwrite,berkeleydb,3,5000000,1.53899288177
randwrite,berkeleydb,3,5000000,1.85485839844
seqread,berkeleydb,3,5000000,1.27130357424
randread,berkeleydb,3,5000000,0.985483169556
seqwrite,berkeleydb,3,5000000,1.32726693153
randwrite,berkeleydb,3,5000000,1.57575643063
seqread,berkeleydb,3,5000000,1.11838094393
randread,berkeleydb,3,5000000,1.19058215618
seqwrite,berkeleydb,3,5000000,13.0293190479
randwrite,berkeleydb,3,5000000,13.0969339609
seqread,berkeleydb,3,5000000,9.07147661845
randread,berkeleydb,3,5000000,7.13125520945
seqwrite,localfs,3,5500000,0.236639976501
randwrite,localfs,3,5500000,0.318722486496
seqread,localfs,3,5500000,0.215130011241
randread,localfs,3,5500000,0.218141019344
seqwrite,localfs,3,5500000,0.32208609581
randwrite,localfs,3,5500000,0.38200545311
seqread,localfs,3,5500000,0.257258256276
randread,localfs,3,5500000,0.249641180038
seqwrite,localfs,3,5500000,0.207162857056
randwrite,localfs,3,5500000,0.632163882256
seqread,localfs,3,5500000,0.424205223719
randread,localfs,3,5500000,0.373911201954
seqwrite,localfs,3,5500000,0.274317026138
randwrite,localfs,3,5500000,0.672254562378
seqread,localfs,3,5500000,0.471079746882
randread,localfs,3,5500000,0.38267660141
seqwrite,localfs,3,5500000,0.261435031891
randwrite,localfs,3,5500000,0.476642489433
seqread,localfs,3,5500000,0.340694348017
randread,localfs,3,5500000,0.288045763969
seqwrite,localfs,3,5500000,0.227512121201
randwrite,localfs,3,5500000,0.589558005333
seqread,localfs,3,5500000,0.395922660828
randread,localfs,3,5500000,0.34767049551
seqwrite,localfs,3,5500000,0.25924706459
randwrite,localfs,3,5500000,0.475925564766
seqread,localfs,3,5500000,0.320013682048
randread,localfs,3,5500000,0.293372035027
seqwrite,localfs,3,5500000,0.305042982101
randwrite,localfs,3,5500000,0.554141521454
seqread,localfs,3,5500000,0.371932347616
randread,localfs,3,5500000,0.33539301157
seqwrite,localfs,3,5500000,0.229705095291
randwrite,localfs,3,5500000,0.687456965446
seqread,localfs,3,5500000,0.460910956065
randread,localfs,3,5500000,0.399343430996
seqwrite,localfs,3,5500000,0.431582927704
randwrite,localfs,3,5500000,0.453484416008
seqread,localfs,3,5500000,0.304932276408
randread,localfs,3,5500000,0.283780455589
seqwrite,berkeleydb,3,5500000,8.57589292526
randwrite,berkeleydb,3,5500000,5.12690198421
seqread,berkeleydb,3,5500000,3.45606660843
randread,berkeleydb,3,5500000,2.6281697154
seqwrite,berkeleydb,3,5500000,1.45351004601
randwrite,berkeleydb,3,5500000,1.65418207645
seqread,berkeleydb,3,5500000,1.14113402367
randread,berkeleydb,3,5500000,0.892093241215
seqwrite,berkeleydb,3,5500000,1.44589519501
randwrite,berkeleydb,3,5500000,1.65432202816
seqread,berkeleydb,3,5500000,1.14086898168
randread,berkeleydb,3,5500000,0.89200848341
seqwrite,berkeleydb,3,5500000,5.05825996399
randwrite,berkeleydb,3,5500000,9.81537890434
seqread,berkeleydb,3,5500000,6.95798627536
randread,berkeleydb,3,5500000,5.62233275175
seqwrite,berkeleydb,3,5500000,14.7668681145
randwrite,berkeleydb,3,5500000,14.6726629734
seqread,berkeleydb,3,5500000,10.1450096766
randread,berkeleydb,3,5500000,7.99117875099
seqwrite,berkeleydb,3,5500000,14.5627939701
randwrite,berkeleydb,3,5500000,14.7211574316
seqread,berkeleydb,3,5500000,10.1936049461
randread,berkeleydb,3,5500000,8.02771222591
seqwrite,berkeleydb,3,5500000,10.5626969337
randwrite,berkeleydb,3,5500000,6.52519845963
seqread,berkeleydb,3,5500000,4.39273897807
randread,berkeleydb,3,5500000,3.33564949036
seqwrite,berkeleydb,3,5500000,1.72542095184
randwrite,berkeleydb,3,5500000,1.97245740891
seqread,berkeleydb,3,5500000,1.35567529996
randread,berkeleydb,3,5500000,1.05298292637
seqwrite,berkeleydb,3,5500000,1.46249890327
randwrite,berkeleydb,3,5500000,4.11229085922
seqread,berkeleydb,3,5500000,3.11355622609
randread,berkeleydb,3,5500000,2.69095164537
seqwrite,berkeleydb,3,5500000,14.8851728439
randwrite,berkeleydb,3,5500000,14.8199783564
seqread,berkeleydb,3,5500000,10.2928962708
randread,berkeleydb,3,5500000,8.09458369017
seqwrite,localfs,3,6000000,0.237732887268
randwrite,localfs,3,6000000,0.327183485031
seqread,localfs,3,6000000,0.221295992533
randread,localfs,3,6000000,0.219934046268
seqwrite,localfs,3,6000000,0.363358974457
randwrite,localfs,3,6000000,0.522935032845
seqread,localfs,3,6000000,0.351466019948
randread,localfs,3,6000000,0.320695281029
seqwrite,localfs,3,6000000,0.240829944611
randwrite,localfs,3,6000000,0.535466551781
seqread,localfs,3,6000000,0.35950366656
randread,localfs,3,6000000,0.326820969582
seqwrite,localfs,3,6000000,0.254509925842
randwrite,localfs,3,6000000,0.487682938576
seqread,localfs,3,6000000,0.328520933787
randread,localfs,3,6000000,0.321903944016
seqwrite,localfs,3,6000000,0.264937877655
randwrite,localfs,3,6000000,0.492031931877
seqread,localfs,3,6000000,0.330804665883
randread,localfs,3,6000000,0.302173495293
seqwrite,localfs,3,6000000,0.250793933868
randwrite,localfs,3,6000000,0.413681983948
seqread,localfs,3,6000000,0.278657356898
randread,localfs,3,6000000,0.26934248209
seqwrite,localfs,3,6000000,0.305649995804
randwrite,localfs,3,6000000,0.392711400986
seqread,localfs,3,6000000,0.264478603999
randread,localfs,3,6000000,0.252432703972
seqwrite,localfs,3,6000000,0.296741008759
randwrite,localfs,3,6000000,0.40956890583
seqread,localfs,3,6000000,0.275889635086
randread,localfs,3,6000000,0.260721445084
seqwrite,localfs,3,6000000,0.580299139023
randwrite,localfs,3,6000000,0.551197052002
seqread,localfs,3,6000000,0.382494688034
randread,localfs,3,6000000,0.346305251122
seqwrite,localfs,3,6000000,0.275734186172
randwrite,localfs,3,6000000,0.605616569519
seqread,localfs,3,6000000,0.406640688578
randread,localfs,3,6000000,0.361784517765
seqwrite,berkeleydb,3,6000000,3.11916804314
randwrite,berkeleydb,3,6000000,2.72526848316
seqread,berkeleydb,3,6000000,1.85845065117
randread,berkeleydb,3,6000000,1.43225353956
seqwrite,berkeleydb,3,6000000,1.62002396584
randwrite,berkeleydb,3,6000000,1.73308289051
seqread,berkeleydb,3,6000000,1.20356090864
randread,berkeleydb,3,6000000,0.946708679199
seqwrite,berkeleydb,3,6000000,1.55439710617
randwrite,berkeleydb,3,6000000,6.67559909821
seqread,berkeleydb,3,6000000,4.86169505119
randread,berkeleydb,3,6000000,4.03378099203
seqwrite,berkeleydb,3,6000000,16.3558278084
randwrite,berkeleydb,3,6000000,16.1415734291
seqread,berkeleydb,3,6000000,11.1765925884
randread,berkeleydb,3,6000000,8.79303741455
seqwrite,berkeleydb,3,6000000,15.8877458572
randwrite,berkeleydb,3,6000000,16.0437924862
seqread,berkeleydb,3,6000000,11.1028913657
randread,berkeleydb,3,6000000,8.71513801813
seqwrite,berkeleydb,3,6000000,10.1815888882
randwrite,berkeleydb,3,6000000,6.26018440723
seqread,berkeleydb,3,6000000,4.21612461408
randread,berkeleydb,3,6000000,3.20100867748
seqwrite,berkeleydb,3,6000000,1.83441090584
randwrite,berkeleydb,3,6000000,1.8847284317
seqread,berkeleydb,3,6000000,1.29923462868
randread,berkeleydb,3,6000000,1.01303523779
seqwrite,berkeleydb,3,6000000,1.87287998199
randwrite,berkeleydb,3,6000000,7.56778490543
seqread,berkeleydb,3,6000000,5.4619102478
randread,berkeleydb,3,6000000,4.56622445583
seqwrite,berkeleydb,3,6000000,15.6619040966
randwrite,berkeleydb,3,6000000,16.2169259787
seqread,berkeleydb,3,6000000,11.2140963078
randread,berkeleydb,3,6000000,8.80040800571
seqwrite,berkeleydb,3,6000000,5.55961799622
randwrite,berkeleydb,3,6000000,3.86288154125
seqread,berkeleydb,3,6000000,2.61625909805
randread,berkeleydb,3,6000000,2.0006673336
seqwrite,localfs,3,6500000,0.0230040550232
randwrite,localfs,3,6500000,0.177794933319
seqread,localfs,3,6500000,0.121483961741
randread,localfs,3,6500000,0.0969617366791
seqwrite,localfs,3,6500000,0.0940039157867
randwrite,localfs,3,6500000,0.291695952415
seqread,localfs,3,6500000,0.197336991628
randread,localfs,3,6500000,0.15347224474
seqwrite,localfs,3,6500000,0.134569883347
randwrite,localfs,3,6500000,0.407400965691
seqread,localfs,3,6500000,0.274962981542
randread,localfs,3,6500000,0.212360262871
seqwrite,localfs,3,6500000,0.116800069809
randwrite,localfs,3,6500000,0.32001554966
seqread,localfs,3,6500000,0.216206630071
randread,localfs,3,6500000,0.168258428574
seqwrite,localfs,3,6500000,0.130327939987
randwrite,localfs,3,6500000,0.400890946388
seqread,localfs,3,6500000,0.270299037298
randread,localfs,3,6500000,0.208552539349
seqwrite,localfs,3,6500000,0.0892310142517
randwrite,localfs,3,6500000,0.29923248291
seqread,localfs,3,6500000,0.202767928441
randread,localfs,3,6500000,0.1583994627
seqwrite,localfs,3,6500000,0.138323068619
randwrite,localfs,3,6500000,0.306681990623
seqread,localfs,3,6500000,0.207153002421
randread,localfs,3,6500000,0.160575985909
seqwrite,localfs,3,6500000,0.314124107361
randwrite,localfs,3,6500000,0.509034514427
seqread,localfs,3,6500000,0.342188040415
randread,localfs,3,6500000,0.262782514095
seqwrite,localfs,3,6500000,0.091912984848
randwrite,localfs,3,6500000,0.179841518402
seqread,localfs,3,6500000,0.122885704041
randread,localfs,3,6500000,0.097775042057
seqwrite,localfs,3,6500000,0.153068065643
randwrite,localfs,3,6500000,0.414062023163
seqread,localfs,3,6500000,0.278860330582
randread,localfs,3,6500000,0.215094745159
seqwrite,berkeleydb,3,6500000,2.88717412949
randwrite,berkeleydb,3,6500000,2.51096761227
seqread,berkeleydb,3,6500000,1.71840143204
randread,berkeleydb,3,6500000,1.33003258705
seqwrite,berkeleydb,3,6500000,7.57557702065
randwrite,berkeleydb,3,6500000,12.2615480423
seqread,berkeleydb,3,6500000,8.62886532148
randread,berkeleydb,3,6500000,6.91614174843
seqwrite,berkeleydb,3,6500000,17.4184019566
randwrite,berkeleydb,3,6500000,17.1305625439
seqread,berkeleydb,3,6500000,11.8846343358
randread,berkeleydb,3,6500000,9.33167827129
seqwrite,berkeleydb,3,6500000,15.9514398575
randwrite,berkeleydb,3,6500000,8.967918396
seqread,berkeleydb,3,6500000,6.02557992935
randread,berkeleydb,3,6500000,4.56107568741
seqwrite,berkeleydb,3,6500000,1.73034095764
randwrite,berkeleydb,3,6500000,1.97052443027
seqread,berkeleydb,3,6500000,1.35951296488
randread,berkeleydb,3,6500000,1.06177473068
seqwrite,berkeleydb,3,6500000,1.76062178612
randwrite,berkeleydb,3,6500000,7.54993844032
seqread,berkeleydb,3,6500000,5.49208299319
randread,berkeleydb,3,6500000,4.57870674133
seqwrite,berkeleydb,3,6500000,17.0602459908
randwrite,berkeleydb,3,6500000,16.9498455524
seqread,berkeleydb,3,6500000,11.7786483765
randread,berkeleydb,3,6500000,9.38824802637
seqwrite,berkeleydb,3,6500000,17.1589818001
randwrite,berkeleydb,3,6500000,10.2048718929
seqread,berkeleydb,3,6500000,6.84910861651
randread,berkeleydb,3,6500000,5.17887419462
seqwrite,berkeleydb,3,6500000,1.72471189499
randwrite,berkeleydb,3,6500000,1.9857083559
seqread,berkeleydb,3,6500000,1.37114985784
randread,berkeleydb,3,6500000,1.07327663898
seqwrite,berkeleydb,3,6500000,1.75175309181
randwrite,berkeleydb,3,6500000,3.55518758297
seqread,berkeleydb,3,6500000,2.82547632853
randread,berkeleydb,3,6500000,2.53624153137
seqwrite,localfs,3,7000000,0.230245113373
randwrite,localfs,3,7000000,0.383009552956
seqread,localfs,3,7000000,0.259139696757
randread,localfs,3,7000000,0.275681257248
seqwrite,localfs,3,7000000,0.312909841537
randwrite,localfs,3,7000000,0.518312454224
seqread,localfs,3,7000000,0.373715321223
randread,localfs,3,7000000,0.354808747768
seqwrite,localfs,3,7000000,0.247615098953
randwrite,localfs,3,7000000,0.474036574364
seqread,localfs,3,7000000,0.340081771215
randread,localfs,3,7000000,0.312144577503
seqwrite,localfs,3,7000000,0.322521924973
randwrite,localfs,3,7000000,0.575418353081
seqread,localfs,3,7000000,0.411003907522
randread,localfs,3,7000000,0.360696196556
seqwrite,localfs,3,7000000,0.321599960327
randwrite,localfs,3,7000000,0.490970373154
seqread,localfs,3,7000000,0.350600560506
randread,localfs,3,7000000,0.318517148495
seqwrite,localfs,3,7000000,0.319761991501
randwrite,localfs,3,7000000,0.485736012459
seqread,localfs,3,7000000,0.326898972193
randread,localfs,3,7000000,0.306223213673
seqwrite,localfs,3,7000000,0.299086093903
randwrite,localfs,3,7000000,0.818714499474
seqread,localfs,3,7000000,0.577193657557
randread,localfs,3,7000000,0.48850697279
seqwrite,localfs,3,7000000,0.332848072052
randwrite,localfs,3,7000000,0.58594751358
seqread,localfs,3,7000000,0.418112357457
randread,localfs,3,7000000,0.37099224329
seqwrite,localfs,3,7000000,0.25768995285
randwrite,localfs,3,7000000,0.798877000809
seqread,localfs,3,7000000,0.551920334498
randread,localfs,3,7000000,0.466755032539
seqwrite,localfs,3,7000000,0.344518899918
randwrite,localfs,3,7000000,0.710073471069
seqread,localfs,3,7000000,0.476739645004
randread,localfs,3,7000000,0.436480522156
seqwrite,berkeleydb,3,7000000,30.7973790169
randwrite,berkeleydb,3,7000000,24.6184430122
seqread,berkeleydb,3,7000000,16.8879026572
randread,berkeleydb,3,7000000,13.1108909845
seqwrite,berkeleydb,3,7000000,4.50546097755
randwrite,berkeleydb,3,7000000,3.44538104534
seqread,berkeleydb,3,7000000,2.34761301676
randread,berkeleydb,3,7000000,1.80987274647
seqwrite,berkeleydb,3,7000000,1.88077998161
randwrite,berkeleydb,3,7000000,2.11461043358
seqread,berkeleydb,3,7000000,1.45996061961
randread,berkeleydb,3,7000000,1.14039897919
seqwrite,berkeleydb,3,7000000,17.5064880848
randwrite,berkeleydb,3,7000000,18.0691025257
seqread,berkeleydb,3,7000000,12.5649270217
randread,berkeleydb,3,7000000,9.89484500885
seqwrite,berkeleydb,3,7000000,18.3151180744
randwrite,berkeleydb,3,7000000,17.5512720346
seqread,berkeleydb,3,7000000,11.7589546839
randread,berkeleydb,3,7000000,8.87226474285
seqwrite,berkeleydb,3,7000000,1.95918297768
randwrite,berkeleydb,3,7000000,2.19279694557
seqread,berkeleydb,3,7000000,1.51157196363
randread,berkeleydb,3,7000000,1.18080341816
seqwrite,berkeleydb,3,7000000,1.87650609016
randwrite,berkeleydb,3,7000000,2.06511199474
seqread,berkeleydb,3,7000000,1.83025932312
randread,berkeleydb,3,7000000,1.84238022566
seqwrite,berkeleydb,3,7000000,18.1441907883
randwrite,berkeleydb,3,7000000,18.6058309078
seqread,berkeleydb,3,7000000,12.8946846326
randread,berkeleydb,3,7000000,10.1418712139
seqwrite,berkeleydb,3,7000000,18.3795349598
randwrite,berkeleydb,3,7000000,16.3418375254
seqread,berkeleydb,3,7000000,10.9428764184
randread,berkeleydb,3,7000000,8.25313556194
seqwrite,berkeleydb,3,7000000,1.92980909348
randwrite,berkeleydb,3,7000000,2.39431202412
seqread,berkeleydb,3,7000000,1.64484500885
randread,berkeleydb,3,7000000,1.27886450291
seqwrite,localfs,3,7500000,0.0267980098724
randwrite,localfs,3,7500000,0.0888404846191
seqread,localfs,3,7500000,0.0624296665192
randread,localfs,3,7500000,0.0534130334854
seqwrite,localfs,3,7500000,0.45179104805
randwrite,localfs,3,7500000,0.49175798893
seqread,localfs,3,7500000,0.331185658773
randread,localfs,3,7500000,0.25462603569
seqwrite,localfs,3,7500000,0.128514051437
randwrite,localfs,3,7500000,0.301885008812
seqread,localfs,3,7500000,0.204363981883
randread,localfs,3,7500000,0.15999174118
seqwrite,localfs,3,7500000,0.152401924133
randwrite,localfs,3,7500000,0.33809697628
seqread,localfs,3,7500000,0.229047616323
randread,localfs,3,7500000,0.179026961327
seqwrite,localfs,3,7500000,0.390256881714
randwrite,localfs,3,7500000,0.657133936882
seqread,localfs,3,7500000,0.441998561223
randread,localfs,3,7500000,0.338245153427
seqwrite,localfs,3,7500000,0.128921985626
randwrite,localfs,3,7500000,0.435006976128
seqread,localfs,3,7500000,0.293955961863
randread,localfs,3,7500000,0.227217495441
seqwrite,localfs,3,7500000,0.132807016373
randwrite,localfs,3,7500000,0.197162508965
seqread,localfs,3,7500000,0.135086377462
randread,localfs,3,7500000,0.107739031315
seqwrite,localfs,3,7500000,0.161581993103
randwrite,localfs,3,7500000,0.324296474457
seqread,localfs,3,7500000,0.219700336456
randread,localfs,3,7500000,0.172046303749
seqwrite,localfs,3,7500000,0.141009092331
randwrite,localfs,3,7500000,0.31504201889
seqread,localfs,3,7500000,0.213252623876
randread,localfs,3,7500000,0.168062210083
seqwrite,localfs,3,7500000,0.384819984436
randwrite,localfs,3,7500000,0.450684428215
seqread,localfs,3,7500000,0.304250240326
randread,localfs,3,7500000,0.235376656055
seqwrite,berkeleydb,3,7500000,17.5329260826
randwrite,berkeleydb,3,7500000,18.6323590279
seqread,berkeleydb,3,7500000,12.9347736835
randread,berkeleydb,3,7500000,10.199863255
seqwrite,berkeleydb,3,7500000,19.4921710491
randwrite,berkeleydb,3,7500000,12.470988512
seqread,berkeleydb,3,7500000,8.36548701922
randread,berkeleydb,3,7500000,6.32221055031
seqwrite,berkeleydb,3,7500000,2.11478996277
randwrite,berkeleydb,3,7500000,2.33013451099
seqread,berkeleydb,3,7500000,1.60473402341
randread,berkeleydb,3,7500000,1.25137650967
seqwrite,berkeleydb,3,7500000,1.97531986237
randwrite,berkeleydb,3,7500000,9.11133694649
seqread,berkeleydb,3,7500000,6.57941492399
randread,berkeleydb,3,7500000,5.46277165413
seqwrite,berkeleydb,3,7500000,19.9052088261
randwrite,berkeleydb,3,7500000,19.6644339561
seqread,berkeleydb,3,7500000,13.627816995
randread,berkeleydb,3,7500000,10.7246205211
seqwrite,berkeleydb,3,7500000,19.5817430019
randwrite,berkeleydb,3,7500000,13.402305007
seqread,berkeleydb,3,7500000,8.98646934827
randread,berkeleydb,3,7500000,6.78856348991
seqwrite,berkeleydb,3,7500000,1.97017383575
randwrite,berkeleydb,3,7500000,2.14237844944
seqread,berkeleydb,3,7500000,1.48302761714
randread,berkeleydb,3,7500000,1.16366994381
seqwrite,berkeleydb,3,7500000,9.23099017143
randwrite,berkeleydb,3,7500000,14.3513305187
seqread,berkeleydb,3,7500000,10.0835973422
randread,berkeleydb,3,7500000,8.15669453144
seqwrite,berkeleydb,3,7500000,19.8381459713
randwrite,berkeleydb,3,7500000,17.6091105938
seqread,berkeleydb,3,7500000,11.7919273376
randread,berkeleydb,3,7500000,8.89325553179
seqwrite,berkeleydb,3,7500000,2.01111793518
randwrite,berkeleydb,3,7500000,2.2127289772
seqread,berkeleydb,3,7500000,1.53286401431
randread,berkeleydb,3,7500000,1.20280623436
seqwrite,localfs,3,8000000,0.0289878845215
randwrite,localfs,3,8000000,0.0789788961411
seqread,localfs,3,8000000,0.0570415655772
randread,localfs,3,8000000,0.0513926744461
seqwrite,localfs,3,8000000,0.130373954773
randwrite,localfs,3,8000000,0.212327480316
seqread,localfs,3,8000000,0.145563046137
randread,localfs,3,8000000,0.117115020752
seqwrite,localfs,3,8000000,0.137184143066
randwrite,localfs,3,8000000,0.328972578049
seqread,localfs,3,8000000,0.222646395365
randread,localfs,3,8000000,0.173242747784
seqwrite,localfs,3,8000000,0.598726987839
randwrite,localfs,3,8000000,0.430384039879
seqread,localfs,3,8000000,0.290498018265
randread,localfs,3,8000000,0.224367022514
seqwrite,localfs,3,8000000,0.150921106339
randwrite,localfs,3,8000000,0.22936809063
seqread,localfs,3,8000000,0.156237363815
randread,localfs,3,8000000,0.123606979847
seqwrite,localfs,3,8000000,0.660739898682
randwrite,localfs,3,8000000,0.557479381561
seqread,localfs,3,8000000,0.375548919042
randread,localfs,3,8000000,0.289021968842
seqwrite,localfs,3,8000000,0.15628695488
randwrite,localfs,3,8000000,0.429518938065
seqread,localfs,3,8000000,0.289622306824
randread,localfs,3,8000000,0.223791241646
seqwrite,localfs,3,8000000,0.14079117775
randwrite,localfs,3,8000000,0.214542031288
seqread,localfs,3,8000000,0.146339337031
randread,localfs,3,8000000,0.116304278374
seqwrite,localfs,3,8000000,0.154958963394
randwrite,localfs,3,8000000,0.327234506607
seqread,localfs,3,8000000,0.221819003423
randread,localfs,3,8000000,0.173647463322
seqwrite,localfs,3,8000000,0.128572940826
randwrite,localfs,3,8000000,0.212126970291
seqread,localfs,3,8000000,0.146476348241
randread,localfs,3,8000000,0.119455516338
seqwrite,berkeleydb,3,8000000,23.9230690002
randwrite,berkeleydb,3,8000000,22.2417554855
seqread,berkeleydb,3,8000000,15.3763093154
randread,berkeleydb,3,8000000,12.0812501907
seqwrite,berkeleydb,3,8000000,21.6552150249
randwrite,berkeleydb,3,8000000,15.1954810619
seqread,berkeleydb,3,8000000,10.1884056727
randread,berkeleydb,3,8000000,7.69392603636
seqwrite,berkeleydb,3,8000000,2.19228100777
randwrite,berkeleydb,3,8000000,2.44821500778
seqread,berkeleydb,3,8000000,1.70671200752
randread,berkeleydb,3,8000000,1.34667050838
seqwrite,berkeleydb,3,8000000,11.0592288971
randwrite,berkeleydb,3,8000000,16.6894814968
seqread,berkeleydb,3,8000000,11.6884886424
randread,berkeleydb,3,8000000,9.29077351093
seqwrite,berkeleydb,3,8000000,21.4580328465
randwrite,berkeleydb,3,8000000,20.3712614775
seqread,berkeleydb,3,8000000,13.6366299788
randread,berkeleydb,3,8000000,10.2784860134
seqwrite,berkeleydb,3,8000000,2.09849882126
randwrite,berkeleydb,3,8000000,2.35269248486
seqread,berkeleydb,3,8000000,1.62416966756
randread,berkeleydb,3,8000000,1.26974374056
seqwrite,berkeleydb,3,8000000,2.20602083206
randwrite,berkeleydb,3,8000000,10.5036768913
seqread,berkeleydb,3,8000000,7.68559559186
randread,berkeleydb,3,8000000,6.35811841488
seqwrite,berkeleydb,3,8000000,21.5048828125
randwrite,berkeleydb,3,8000000,21.4363479614
seqread,berkeleydb,3,8000000,14.8077236017
randread,berkeleydb,3,8000000,11.6313471794
seqwrite,berkeleydb,3,8000000,7.35828614235
randwrite,berkeleydb,3,8000000,5.13159310818
seqread,berkeleydb,3,8000000,3.48642770449
randread,berkeleydb,3,8000000,2.67602550983
seqwrite,berkeleydb,3,8000000,2.2320959568
randwrite,berkeleydb,3,8000000,8.07272446156
seqread,berkeleydb,3,8000000,5.98403231303
randread,berkeleydb,3,8000000,4.9969227314
seqwrite,localfs,3,8500000,0.246475934982
randwrite,localfs,3,8500000,0.448509454727
seqread,localfs,3,8500000,0.302862962087
randread,localfs,3,8500000,0.30770945549
seqwrite,localfs,3,8500000,0.41261100769
randwrite,localfs,3,8500000,0.581490516663
seqread,localfs,3,8500000,0.39946770668
randread,localfs,3,8500000,0.382990062237
seqwrite,localfs,3,8500000,0.397444009781
randwrite,localfs,3,8500000,0.548730969429
seqread,localfs,3,8500000,0.369350274404
randread,localfs,3,8500000,0.357361972332
seqwrite,localfs,3,8500000,0.396337032318
randwrite,localfs,3,8500000,0.558129549026
seqread,localfs,3,8500000,0.384391705195
randread,localfs,3,8500000,0.36650878191
seqwrite,localfs,3,8500000,0.413076877594
randwrite,localfs,3,8500000,0.574110031128
seqread,localfs,3,8500000,0.403345028559
randread,localfs,3,8500000,0.385530292988
seqwrite,localfs,3,8500000,0.387476921082
randwrite,localfs,3,8500000,0.679055929184
seqread,localfs,3,8500000,0.48078195254
randread,localfs,3,8500000,0.444368481636
seqwrite,localfs,3,8500000,0.347693920135
randwrite,localfs,3,8500000,0.567568898201
seqread,localfs,3,8500000,0.382337252299
randread,localfs,3,8500000,0.359138906002
seqwrite,localfs,3,8500000,0.423773050308
randwrite,localfs,3,8500000,0.689453005791
seqread,localfs,3,8500000,0.463623682658
randread,localfs,3,8500000,0.431083261967
seqwrite,localfs,3,8500000,0.463454961777
randwrite,localfs,3,8500000,0.602518439293
seqread,localfs,3,8500000,0.405797958374
randread,localfs,3,8500000,0.363287985325
seqwrite,localfs,3,8500000,0.424632072449
randwrite,localfs,3,8500000,0.837055563927
seqread,localfs,3,8500000,0.59827542305
randread,localfs,3,8500000,0.507725834846
seqwrite,berkeleydb,3,8500000,44.1568830013
randwrite,berkeleydb,3,8500000,23.5056635141
seqread,berkeleydb,3,8500000,15.7280246417
randread,berkeleydb,3,8500000,11.8510372639
seqwrite,berkeleydb,3,8500000,2.21356201172
randwrite,berkeleydb,3,8500000,2.4161490202
seqread,berkeleydb,3,8500000,1.66910600662
randread,berkeleydb,3,8500000,1.7872132659
seqwrite,berkeleydb,3,8500000,22.3293750286
randwrite,berkeleydb,3,8500000,22.3973189592
seqread,berkeleydb,3,8500000,15.5304000378
randread,berkeleydb,3,8500000,12.2778558135
seqwrite,berkeleydb,3,8500000,22.7827560902
randwrite,berkeleydb,3,8500000,13.3634599447
seqread,berkeleydb,3,8500000,8.97715099653
randread,berkeleydb,3,8500000,6.8011007309
seqwrite,berkeleydb,3,8500000,2.37926697731
randwrite,berkeleydb,3,8500000,2.51512742043
seqread,berkeleydb,3,8500000,2.33163928986
randread,berkeleydb,3,8500000,2.34596520662
seqwrite,berkeleydb,3,8500000,24.6191909313
randwrite,berkeleydb,3,8500000,23.87142241
seqread,berkeleydb,3,8500000,16.521115303
randread,berkeleydb,3,8500000,12.980264008
seqwrite,berkeleydb,3,8500000,21.3272769451
randwrite,berkeleydb,3,8500000,11.9838165045
seqread,berkeleydb,3,8500000,8.05009969076
randread,berkeleydb,3,8500000,6.09277278185
seqwrite,berkeleydb,3,8500000,2.25137400627
randwrite,berkeleydb,3,8500000,5.81130158901
seqread,berkeleydb,3,8500000,4.45931307475
randread,berkeleydb,3,8500000,3.93105775118
seqwrite,berkeleydb,3,8500000,22.0754480362
randwrite,berkeleydb,3,8500000,22.439771533
seqread,berkeleydb,3,8500000,15.5549809933
randread,berkeleydb,3,8500000,12.226336956
seqwrite,berkeleydb,3,8500000,17.1826229095
randwrite,berkeleydb,3,8500000,9.9768538475
seqread,berkeleydb,3,8500000,6.71237484614
randread,berkeleydb,3,8500000,5.09016287327
seqwrite,localfs,3,9000000,0.032613992691
randwrite,localfs,3,9000000,0.199933052063
seqread,localfs,3,9000000,0.137625376383
randread,localfs,3,9000000,0.110474050045
seqwrite,localfs,3,9000000,0.204483032227
randwrite,localfs,3,9000000,0.262359976768
seqread,localfs,3,9000000,0.180866003036
randread,localfs,3,9000000,0.145964980125
seqwrite,localfs,3,9000000,0.160190820694
randwrite,localfs,3,9000000,0.246554970741
seqread,localfs,3,9000000,0.16810131073
randread,localfs,3,9000000,0.133516728878
seqwrite,localfs,3,9000000,0.205568790436
randwrite,localfs,3,9000000,0.264197945595
seqread,localfs,3,9000000,0.181242227554
randread,localfs,3,9000000,0.144915699959
seqwrite,localfs,3,9000000,0.162329912186
randwrite,localfs,3,9000000,0.241150021553
seqread,localfs,3,9000000,0.164754390717
randread,localfs,3,9000000,0.132190048695
seqwrite,localfs,3,9000000,0.181468963623
randwrite,localfs,3,9000000,0.254148006439
seqread,localfs,3,9000000,0.174053668976
randread,localfs,3,9000000,0.139945745468
seqwrite,localfs,3,9000000,0.156980991364
randwrite,localfs,3,9000000,0.237510561943
seqread,localfs,3,9000000,0.162226756414
randread,localfs,3,9000000,0.129298567772
seqwrite,localfs,3,9000000,0.20769405365
randwrite,localfs,3,9000000,0.257256031036
seqread,localfs,3,9000000,0.175486008326
randread,localfs,3,9000000,0.140780508518
seqwrite,localfs,3,9000000,0.180583000183
randwrite,localfs,3,9000000,0.250539541245
seqread,localfs,3,9000000,0.17117301623
randread,localfs,3,9000000,0.136389255524
seqwrite,localfs,3,9000000,0.19627904892
randwrite,localfs,3,9000000,0.252403020859
seqread,localfs,3,9000000,0.173019727071
randread,localfs,3,9000000,0.139202594757
seqwrite,berkeleydb,3,9000000,3.88307309151
randwrite,berkeleydb,3,9000000,3.27493655682
seqread,berkeleydb,3,9000000,2.24474000931
randread,berkeleydb,3,9000000,1.74035352468
seqwrite,berkeleydb,3,9000000,2.31652903557
randwrite,berkeleydb,3,9000000,11.2922149897
seqread,berkeleydb,3,9000000,8.16737596194
randread,berkeleydb,3,9000000,6.74205046892
seqwrite,berkeleydb,3,9000000,23.9824500084
randwrite,berkeleydb,3,9000000,23.9693170786
seqread,berkeleydb,3,9000000,16.6430313587
randread,berkeleydb,3,9000000,13.0742294788
seqwrite,berkeleydb,3,9000000,23.7785930634
randwrite,berkeleydb,3,9000000,23.7994109392
seqread,berkeleydb,3,9000000,16.4940675894
randread,berkeleydb,3,9000000,12.9646041989
seqwrite,berkeleydb,3,9000000,10.2849781513
randwrite,berkeleydb,3,9000000,6.55418860912
seqread,berkeleydb,3,9000000,4.43233974775
randread,berkeleydb,3,9000000,3.38288408518
seqwrite,berkeleydb,3,9000000,2.41117620468
randwrite,berkeleydb,3,9000000,2.60475206375
seqread,berkeleydb,3,9000000,1.79990871747
randread,berkeleydb,3,9000000,1.40801930428
seqwrite,berkeleydb,3,9000000,9.07440304756
randwrite,berkeleydb,3,9000000,16.4092725515
seqread,berkeleydb,3,9000000,11.5369796753
randread,berkeleydb,3,9000000,9.27805125713
seqwrite,berkeleydb,3,9000000,23.4067308903
randwrite,berkeleydb,3,9000000,23.419431448
seqread,berkeleydb,3,9000000,16.3175169627
randread,berkeleydb,3,9000000,12.8324185014
seqwrite,berkeleydb,3,9000000,6.32367086411
randwrite,berkeleydb,3,9000000,4.75290334225
seqread,berkeleydb,3,9000000,3.23358853658
randread,berkeleydb,3,9000000,2.48444712162
seqwrite,berkeleydb,3,9000000,2.37465786934
randwrite,berkeleydb,3,9000000,2.58268535137
seqread,berkeleydb,3,9000000,1.79359690348
randread,berkeleydb,3,9000000,1.40242242813
seqwrite,localfs,3,9500000,0.0339810848236
randwrite,localfs,3,9500000,0.107594609261
seqread,localfs,3,9500000,0.07652703921
randread,localfs,3,9500000,0.0670288205147
seqwrite,localfs,3,9500000,0.169064044952
randwrite,localfs,3,9500000,0.260911107063
seqread,localfs,3,9500000,0.178551355998
randread,localfs,3,9500000,0.143383741379
seqwrite,localfs,3,9500000,0.156494140625
randwrite,localfs,3,9500000,0.242904663086
seqread,localfs,3,9500000,0.166313409805
randread,localfs,3,9500000,0.133433520794
seqwrite,localfs,3,9500000,0.216078996658
randwrite,localfs,3,9500000,0.273319959641
seqread,localfs,3,9500000,0.186521689097
randread,localfs,3,9500000,0.149027526379
seqwrite,localfs,3,9500000,0.17928481102
randwrite,localfs,3,9500000,0.26361989975
seqread,localfs,3,9500000,0.180015643438
randread,localfs,3,9500000,0.144498467445
seqwrite,localfs,3,9500000,0.179376840591
randwrite,localfs,3,9500000,0.270861387253
seqread,localfs,3,9500000,0.185071547826
randread,localfs,3,9500000,0.147319614887
seqwrite,localfs,3,9500000,0.152735948563
randwrite,localfs,3,9500000,0.248610973358
seqread,localfs,3,9500000,0.169902324677
randread,localfs,3,9500000,0.135940730572
seqwrite,localfs,3,9500000,0.199069976807
randwrite,localfs,3,9500000,0.272677540779
seqread,localfs,3,9500000,0.185770352681
randread,localfs,3,9500000,0.148238778114
seqwrite,localfs,3,9500000,0.163499116898
randwrite,localfs,3,9500000,0.248114109039
seqread,localfs,3,9500000,0.169546365738
randread,localfs,3,9500000,0.13637727499
seqwrite,localfs,3,9500000,0.179738998413
randwrite,localfs,3,9500000,0.269816994667
seqread,localfs,3,9500000,0.18480237325
randread,localfs,3,9500000,0.147850513458
seqwrite,berkeleydb,3,9500000,30.0371370316
randwrite,berkeleydb,3,9500000,27.60810709
seqread,berkeleydb,3,9500000,19.0919823647
randread,berkeleydb,3,9500000,14.9395297766
seqwrite,berkeleydb,3,9500000,24.7841608524
randwrite,berkeleydb,3,9500000,25.2701228857
seqread,berkeleydb,3,9500000,17.5237962405
randread,berkeleydb,3,9500000,13.786770463
seqwrite,berkeleydb,3,9500000,12.9615330696
randwrite,berkeleydb,3,9500000,7.92614912987
seqread,berkeleydb,3,9500000,5.34872873624
randread,berkeleydb,3,9500000,4.07251280546
seqwrite,berkeleydb,3,9500000,2.50814390182
randwrite,berkeleydb,3,9500000,2.72146046162
seqread,berkeleydb,3,9500000,1.88106568654
randread,berkeleydb,3,9500000,1.47270476818
seqwrite,berkeleydb,3,9500000,11.7227220535
randwrite,berkeleydb,3,9500000,18.3413659334
seqread,berkeleydb,3,9500000,12.8919429779
randread,berkeleydb,3,9500000,10.2925482392
seqwrite,berkeleydb,3,9500000,25.0245790482
randwrite,berkeleydb,3,9500000,25.5699394941
seqread,berkeleydb,3,9500000,17.8193193277
randread,berkeleydb,3,9500000,14.1565800309
seqwrite,berkeleydb,3,9500000,8.93000102043
randwrite,berkeleydb,3,9500000,5.92769050598
seqread,berkeleydb,3,9500000,4.01750699679
randread,berkeleydb,3,9500000,3.07472753525
seqwrite,berkeleydb,3,9500000,2.64182186127
randwrite,berkeleydb,3,9500000,2.82432198524
seqread,berkeleydb,3,9500000,1.9722820123
randread,berkeleydb,3,9500000,1.56273078918
seqwrite,berkeleydb,3,9500000,3.19286394119
randwrite,berkeleydb,3,9500000,14.0504095554
seqread,berkeleydb,3,9500000,10.1221163273
randread,berkeleydb,3,9500000,8.36359602213
seqwrite,berkeleydb,3,9500000,25.0745239258
randwrite,berkeleydb,3,9500000,25.0230898857
seqread,berkeleydb,3,9500000,17.3219082355
randread,berkeleydb,3,9500000,13.6166654229
