seqwrite,localfs,3,10000000,0.0352420806885
randwrite,localfs,3,10000000,0.133273601532
seqread,localfs,3,10000000,0.0931877295176
randread,localfs,3,10000000,0.0799763202667
seqwrite,localfs,3,10000000,0.166743993759
randwrite,localfs,3,10000000,0.365368008614
seqread,localfs,3,10000000,0.247757991155
randread,localfs,3,10000000,0.196527242661
seqwrite,localfs,3,10000000,0.157541036606
randwrite,localfs,3,10000000,0.345895528793
seqread,localfs,3,10000000,0.234916687012
randread,localfs,3,10000000,0.185691475868
seqwrite,localfs,3,10000000,0.17250084877
randwrite,localfs,3,10000000,0.269212007523
seqread,localfs,3,10000000,0.184699376424
randread,localfs,3,10000000,0.148265779018
seqwrite,localfs,3,10000000,0.16684794426
randwrite,localfs,3,10000000,0.26703453064
seqread,localfs,3,10000000,0.18218700091
randread,localfs,3,10000000,0.145624697208
seqwrite,localfs,3,10000000,0.17110490799
randwrite,localfs,3,10000000,0.268352031708
seqread,localfs,3,10000000,0.184175014496
randread,localfs,3,10000000,0.14855748415
seqwrite,localfs,3,10000000,0.34748005867
randwrite,localfs,3,10000000,0.441630482674
seqread,localfs,3,10000000,0.298763990402
randread,localfs,3,10000000,0.233246982098
seqwrite,localfs,3,10000000,0.17330789566
randwrite,localfs,3,10000000,0.277960419655
seqread,localfs,3,10000000,0.189994573593
randread,localfs,3,10000000,0.152599215508
seqwrite,localfs,3,10000000,0.168571949005
randwrite,localfs,3,10000000,0.27131152153
seqread,localfs,3,10000000,0.185778299967
randread,localfs,3,10000000,0.14945101738
seqwrite,localfs,3,10000000,0.155889987946
randwrite,localfs,3,10000000,0.376126050949
seqread,localfs,3,10000000,0.255148728689
randread,localfs,3,10000000,0.200260818005
seqwrite,berkeleydb,3,10000000,4.34641098976
randwrite,berkeleydb,3,10000000,8.49284505844
seqread,berkeleydb,3,10000000,6.37360835075
randread,berkeleydb,3,10000000,5.43166178465
seqwrite,berkeleydb,3,10000000,26.8315989971
randwrite,berkeleydb,3,10000000,26.6238819361
seqread,berkeleydb,3,10000000,18.4943083127
randread,berkeleydb,3,10000000,14.5489239693
seqwrite,berkeleydb,3,10000000,26.3373069763
randwrite,berkeleydb,3,10000000,21.4484684467
seqread,berkeleydb,3,10000000,14.3724639416
randread,berkeleydb,3,10000000,10.8477717042
seqwrite,berkeleydb,3,10000000,2.6436419487
randwrite,berkeleydb,3,10000000,2.9491995573
seqread,berkeleydb,3,10000000,2.03644267718
randread,berkeleydb,3,10000000,1.6001252532
seqwrite,berkeleydb,3,10000000,2.67083191872
randwrite,berkeleydb,3,10000000,6.45901191235
seqread,berkeleydb,3,10000000,5.00661357244
randread,berkeleydb,3,10000000,4.40514868498
seqwrite,berkeleydb,3,10000000,26.2355890274
randwrite,berkeleydb,3,10000000,26.2958394289
seqread,berkeleydb,3,10000000,18.2508992354
randread,berkeleydb,3,10000000,14.3418079019
seqwrite,berkeleydb,3,10000000,26.1968009472
randwrite,berkeleydb,3,10000000,21.2481490374
seqread,berkeleydb,3,10000000,14.2379372915
randread,berkeleydb,3,10000000,10.7435897589
seqwrite,berkeleydb,3,10000000,2.66574215889
randwrite,berkeleydb,3,10000000,2.95442211628
seqread,berkeleydb,3,10000000,2.03938237826
randread,berkeleydb,3,10000000,1.59513103962
seqwrite,berkeleydb,3,10000000,2.657132864
randwrite,berkeleydb,3,10000000,6.88019645214
seqread,berkeleydb,3,10000000,5.32427096367
randread,berkeleydb,3,10000000,4.67333322763
seqwrite,berkeleydb,3,10000000,26.2593479156
randwrite,berkeleydb,3,10000000,26.6840204
seqread,berkeleydb,3,10000000,18.485600551
randread,berkeleydb,3,10000000,14.546798408
seqwrite,localfs,3,9500000,0.358792066574
randwrite,localfs,3,9500000,0.522608041763
seqread,localfs,3,9500000,0.35271803538
randread,localfs,3,9500000,0.348499059677
seqwrite,localfs,3,9500000,0.500308036804
randwrite,localfs,3,9500000,0.6469810009
seqread,localfs,3,9500000,0.435540676117
randread,localfs,3,9500000,0.411019980907
seqwrite,localfs,3,9500000,0.537412166595
randwrite,localfs,3,9500000,0.85847055912
seqread,localfs,3,9500000,0.596940040588
randread,localfs,3,9500000,0.528715789318
seqwrite,localfs,3,9500000,0.54848408699
randwrite,localfs,3,9500000,0.687926054001
seqread,localfs,3,9500000,0.463549375534
randread,localfs,3,9500000,0.422716021538
seqwrite,localfs,3,9500000,0.936141967773
randwrite,localfs,3,9500000,0.985223889351
seqread,localfs,3,9500000,0.703227599462
randread,localfs,3,9500000,0.600191175938
seqwrite,localfs,3,9500000,0.597588062286
randwrite,localfs,3,9500000,0.854196548462
seqread,localfs,3,9500000,0.598609050115
randread,localfs,3,9500000,0.527930736542
seqwrite,localfs,3,9500000,0.49999499321
randwrite,localfs,3,9500000,0.629320979118
seqread,localfs,3,9500000,0.423588673274
randread,localfs,3,9500000,0.39948952198
seqwrite,localfs,3,9500000,0.534827947617
randwrite,localfs,3,9500000,0.750522017479
seqread,localfs,3,9500000,0.52540230751
randread,localfs,3,9500000,0.475218176842
seqwrite,localfs,3,9500000,0.667098999023
randwrite,localfs,3,9500000,0.752051472664
seqread,localfs,3,9500000,0.505407969157
randread,localfs,3,9500000,0.466171979904
seqwrite,localfs,3,9500000,0.499714851379
randwrite,localfs,3,9500000,0.693878531456
seqread,localfs,3,9500000,0.490898688634
randread,localfs,3,9500000,0.451977491379
seqwrite,berkeleydb,3,9500000,25.8084659576
randwrite,berkeleydb,3,9500000,14.5815454721
seqread,berkeleydb,3,9500000,9.78775199254
randread,berkeleydb,3,9500000,7.40229529142
seqwrite,berkeleydb,3,9500000,2.68805098534
randwrite,berkeleydb,3,9500000,2.78617298603
seqread,berkeleydb,3,9500000,1.92385927836
randread,berkeleydb,3,9500000,1.50434720516
seqwrite,berkeleydb,3,9500000,12.1511991024
randwrite,berkeleydb,3,9500000,18.6676014662
seqread,berkeleydb,3,9500000,13.1054196358
randread,berkeleydb,3,9500000,10.4556842446
seqwrite,berkeleydb,3,9500000,25.1369040012
randwrite,berkeleydb,3,9500000,24.975150466
seqread,berkeleydb,3,9500000,17.3517139753
randread,berkeleydb,3,9500000,13.6389429569
seqwrite,berkeleydb,3,9500000,17.3263149261
randwrite,berkeleydb,3,9500000,10.1505324841
seqread,berkeleydb,3,9500000,6.8356449604
randread,berkeleydb,3,9500000,5.18977767229
seqwrite,berkeleydb,3,9500000,2.71811294556
randwrite,berkeleydb,3,9500000,3.10449945927
seqread,berkeleydb,3,9500000,2.1367149353
randread,berkeleydb,3,9500000,1.66478896141
seqwrite,berkeleydb,3,9500000,6.94069504738
randwrite,berkeleydb,3,9500000,16.4643986225
seqread,berkeleydb,3,9500000,11.6635501385
randread,berkeleydb,3,9500000,9.39474636316
seqwrite,berkeleydb,3,9500000,24.9239401817
randwrite,berkeleydb,3,9500000,25.0059810877
seqread,berkeleydb,3,9500000,17.3548750877
randread,berkeleydb,3,9500000,13.6684553027
seqwrite,berkeleydb,3,9500000,24.7637810707
randwrite,berkeleydb,3,9500000,14.0852825642
seqread,berkeleydb,3,9500000,9.4574423631
randread,berkeleydb,3,9500000,7.15596401691
seqwrite,berkeleydb,3,9500000,2.51462006569
randwrite,berkeleydb,3,9500000,2.77073442936
seqread,berkeleydb,3,9500000,1.91644859314
randread,berkeleydb,3,9500000,1.50166368484
seqwrite,localfs,3,9000000,0.0325908660889
randwrite,localfs,3,9000000,0.0987659692764
seqread,localfs,3,9000000,0.0699262619019
randread,localfs,3,9000000,0.0608031749725
seqwrite,localfs,3,9000000,0.165345907211
randwrite,localfs,3,9000000,0.25206387043
seqread,localfs,3,9000000,0.172869284948
randread,localfs,3,9000000,0.141865968704
seqwrite,localfs,3,9000000,0.194319009781
randwrite,localfs,3,9000000,0.252311468124
seqread,localfs,3,9000000,0.173253615697
randread,localfs,3,9000000,0.13966345787
seqwrite,localfs,3,9000000,0.194459915161
randwrite,localfs,3,9000000,0.258285403252
seqread,localfs,3,9000000,0.177049954732
randread,localfs,3,9000000,0.143488764763
seqwrite,localfs,3,9000000,0.352001190186
randwrite,localfs,3,9000000,0.389757633209
seqread,localfs,3,9000000,0.263847748439
randread,localfs,3,9000000,0.206157326698
seqwrite,localfs,3,9000000,0.23238992691
randwrite,localfs,3,9000000,0.318076968193
seqread,localfs,3,9000000,0.215912342072
randread,localfs,3,9000000,0.17191952467
seqwrite,localfs,3,9000000,0.17319893837
randwrite,localfs,3,9000000,0.264876484871
seqread,localfs,3,9000000,0.181299686432
randread,localfs,3,9000000,0.145393550396
seqwrite,localfs,3,9000000,0.439810037613
randwrite,localfs,3,9000000,0.415470004082
seqread,localfs,3,9000000,0.282432953517
randread,localfs,3,9000000,0.220653951168
seqwrite,localfs,3,9000000,0.297420978546
randwrite,localfs,3,9000000,0.304438948631
seqread,localfs,3,9000000,0.20721300443
randread,localfs,3,9000000,0.164596736431
seqwrite,localfs,3,9000000,0.209365129471
randwrite,localfs,3,9000000,0.264493584633
seqread,localfs,3,9000000,0.1810131073
randread,localfs,3,9000000,0.145430088043
seqwrite,berkeleydb,3,9000000,30.0909461975
randwrite,berkeleydb,3,9000000,27.0219861269
seqread,berkeleydb,3,9000000,18.8949890931
randread,berkeleydb,3,9000000,14.7932338715
seqwrite,berkeleydb,3,9000000,23.6337280273
randwrite,berkeleydb,3,9000000,23.1801400185
seqread,berkeleydb,3,9000000,15.5206159751
randread,berkeleydb,3,9000000,11.7040752172
seqwrite,berkeleydb,3,9000000,2.4756000042
randwrite,berkeleydb,3,9000000,2.6552400589
seqread,berkeleydb,3,9000000,1.83828703562
randread,berkeleydb,3,9000000,1.44157356024
seqwrite,berkeleydb,3,9000000,2.4402320385
randwrite,berkeleydb,3,9000000,2.76814949512
seqread,berkeleydb,3,9000000,1.93060437838
randread,berkeleydb,3,9000000,1.51707005501
seqwrite,berkeleydb,3,9000000,25.1934199333
randwrite,berkeleydb,3,9000000,24.5443603992
seqread,berkeleydb,3,9000000,17.0250959396
randread,berkeleydb,3,9000000,13.3871611953
seqwrite,berkeleydb,3,9000000,24.4434950352
randwrite,berkeleydb,3,9000000,24.1053320169
seqread,berkeleydb,3,9000000,16.7791306973
randread,berkeleydb,3,9000000,13.2449070215
seqwrite,berkeleydb,3,9000000,17.6197488308
randwrite,berkeleydb,3,9000000,10.3231118917
seqread,berkeleydb,3,9000000,6.95288960139
randread,berkeleydb,3,9000000,5.28076219559
seqwrite,berkeleydb,3,9000000,2.4192609787
randwrite,berkeleydb,3,9000000,2.79016399384
seqread,berkeleydb,3,9000000,1.92610971133
randread,berkeleydb,3,9000000,1.50350677967
seqwrite,berkeleydb,3,9000000,10.604279995
randwrite,berkeleydb,3,9000000,17.3406164646
seqread,berkeleydb,3,9000000,12.2023499807
randread,berkeleydb,3,9000000,9.79867446423
seqwrite,berkeleydb,3,9000000,24.0263969898
randwrite,berkeleydb,3,9000000,23.9225640297
seqread,berkeleydb,3,9000000,16.5705717405
randread,berkeleydb,3,9000000,13.0220240355
seqwrite,localfs,3,8500000,0.354609012604
randwrite,localfs,3,8500000,0.46764755249
seqread,localfs,3,8500000,0.328365723292
randread,localfs,3,8500000,0.332746267319
seqwrite,localfs,3,8500000,0.397902011871
randwrite,localfs,3,8500000,0.573030471802
seqread,localfs,3,8500000,0.385629018148
randread,localfs,3,8500000,0.366761028767
seqwrite,localfs,3,8500000,0.40235710144
randwrite,localfs,3,8500000,0.574860095978
seqread,localfs,3,8500000,0.399390061696
randread,localfs,3,8500000,0.382909536362
seqwrite,localfs,3,8500000,0.399035930634
randwrite,localfs,3,8500000,0.595796942711
seqread,localfs,3,8500000,0.409393310547
randread,localfs,3,8500000,0.390222966671
seqwrite,localfs,3,8500000,0.398480892181
randwrite,localfs,3,8500000,0.547950863838
seqread,localfs,3,8500000,0.377915938695
randread,localfs,3,8500000,0.363599419594
seqwrite,localfs,3,8500000,0.475224018097
randwrite,localfs,3,8500000,0.631309509277
seqread,localfs,3,8500000,0.424510320028
randread,localfs,3,8500000,0.396088004112
seqwrite,localfs,3,8500000,0.402818202972
randwrite,localfs,3,8500000,0.648940563202
seqread,localfs,3,8500000,0.449145714442
randread,localfs,3,8500000,0.422746837139
seqwrite,localfs,3,8500000,0.416293144226
randwrite,localfs,3,8500000,0.623496055603
seqread,localfs,3,8500000,0.432956059774
randread,localfs,3,8500000,0.405949771404
seqwrite,localfs,3,8500000,0.451164007187
randwrite,localfs,3,8500000,0.64268553257
seqread,localfs,3,8500000,0.444164673487
randread,localfs,3,8500000,0.416334033012
seqwrite,localfs,3,8500000,0.397582054138
randwrite,localfs,3,8500000,0.581878066063
seqread,localfs,3,8500000,0.4080397288
randread,localfs,3,8500000,0.383844792843
seqwrite,berkeleydb,3,8500000,3.69146299362
randwrite,berkeleydb,3,8500000,3.15285301208
seqread,berkeleydb,3,8500000,2.16061035792
randread,berkeleydb,3,8500000,1.67754524946
seqwrite,berkeleydb,3,8500000,2.22551584244
randwrite,berkeleydb,3,8500000,2.40009737015
seqread,berkeleydb,3,8500000,1.66314458847
randread,berkeleydb,3,8500000,1.36203616858
seqwrite,berkeleydb,3,8500000,22.0729320049
randwrite,berkeleydb,3,8500000,22.2478380203
seqread,berkeleydb,3,8500000,15.432347695
randread,berkeleydb,3,8500000,12.1638687849
seqwrite,berkeleydb,3,8500000,21.9876208305
randwrite,berkeleydb,3,8500000,22.1360119581
seqread,berkeleydb,3,8500000,15.354580005
randread,berkeleydb,3,8500000,12.0797560215
seqwrite,berkeleydb,3,8500000,22.2695841789
randwrite,berkeleydb,3,8500000,14.2442731857
seqread,berkeleydb,3,8500000,9.55746841431
randread,berkeleydb,3,8500000,7.22697609663
seqwrite,berkeleydb,3,8500000,2.24726200104
randwrite,berkeleydb,3,8500000,2.50590240955
seqread,berkeleydb,3,8500000,1.73089798292
randread,berkeleydb,3,8500000,1.35548102856
seqwrite,berkeleydb,3,8500000,2.28911495209
randwrite,berkeleydb,3,8500000,9.89656746387
seqread,berkeleydb,3,8500000,7.20598133405
randread,berkeleydb,3,8500000,5.99287426472
seqwrite,berkeleydb,3,8500000,22.6588759422
randwrite,berkeleydb,3,8500000,22.5712374449
seqread,berkeleydb,3,8500000,15.6930596034
randread,berkeleydb,3,8500000,12.3286324739
seqwrite,berkeleydb,3,8500000,23.1372020245
randwrite,berkeleydb,3,8500000,19.1833884716
seqread,berkeleydb,3,8500000,12.8496106466
randread,berkeleydb,3,8500000,9.69383519888
seqwrite,berkeleydb,3,8500000,2.24272704124
randwrite,berkeleydb,3,8500000,2.6042740345
seqread,berkeleydb,3,8500000,1.79823803902
randread,berkeleydb,3,8500000,1.40481328964
seqwrite,localfs,3,8000000,0.0288641452789
randwrite,localfs,3,8000000,0.077642083168
seqread,localfs,3,8000000,0.0554050604502
randread,localfs,3,8000000,0.0486460328102
seqwrite,localfs,3,8000000,0.138250112534
randwrite,localfs,3,8000000,0.216508626938
seqread,localfs,3,8000000,0.148684740067
randread,localfs,3,8000000,0.119402050972
seqwrite,localfs,3,8000000,0.145500898361
randwrite,localfs,3,8000000,0.219791531563
seqread,localfs,3,8000000,0.150425990423
randread,localfs,3,8000000,0.119770228863
seqwrite,localfs,3,8000000,0.140769004822
randwrite,localfs,3,8000000,0.223052978516
seqread,localfs,3,8000000,0.152694940567
randread,localfs,3,8000000,0.122160732746
seqwrite,localfs,3,8000000,0.162533044815
randwrite,localfs,3,8000000,0.231653571129
seqread,localfs,3,8000000,0.174285411835
randread,localfs,3,8000000,0.151069819927
seqwrite,localfs,3,8000000,0.197131872177
randwrite,localfs,3,8000000,0.254956364632
seqread,localfs,3,8000000,0.175470193227
randread,localfs,3,8000000,0.141784191132
seqwrite,localfs,3,8000000,0.122102975845
randwrite,localfs,3,8000000,0.208110451698
seqread,localfs,3,8000000,0.142431338628
randread,localfs,3,8000000,0.113681733608
seqwrite,localfs,3,8000000,0.141268014908
randwrite,localfs,3,8000000,0.422255516052
seqread,localfs,3,8000000,0.285480976105
randread,localfs,3,8000000,0.221284747124
seqwrite,localfs,3,8000000,0.138886928558
randwrite,localfs,3,8000000,0.218136072159
seqread,localfs,3,8000000,0.149076382319
randread,localfs,3,8000000,0.119123756886
seqwrite,localfs,3,8000000,0.350623846054
randwrite,localfs,3,8000000,0.322186470032
seqread,localfs,3,8000000,0.21861465772
randread,localfs,3,8000000,0.171549022198
seqwrite,berkeleydb,3,8000000,7.6590180397
randwrite,berkeleydb,3,8000000,14.3977985382
seqread,berkeleydb,3,8000000,10.1513530413
randread,berkeleydb,3,8000000,8.17559254169
seqwrite,berkeleydb,3,8000000,20.8780670166
randwrite,berkeleydb,3,8000000,21.0369055271
seqread,berkeleydb,3,8000000,14.5535193284
randread,berkeleydb,3,8000000,11.4185270071
seqwrite,berkeleydb,3,8000000,21.3808598518
randwrite,berkeleydb,3,8000000,19.5417778492
seqread,berkeleydb,3,8000000,13.0852012634
randread,berkeleydb,3,8000000,9.86673247814
seqwrite,berkeleydb,3,8000000,2.10485601425
randwrite,berkeleydb,3,8000000,2.27377748489
seqread,berkeleydb,3,8000000,1.57211669286
randread,berkeleydb,3,8000000,1.23131752014
seqwrite,berkeleydb,3,8000000,2.14150190353
randwrite,berkeleydb,3,8000000,2.41773295403
seqread,berkeleydb,3,8000000,1.66976102193
randread,berkeleydb,3,8000000,1.30511748791
seqwrite,berkeleydb,3,8000000,17.2989399433
randwrite,berkeleydb,3,8000000,19.4283804893
seqread,berkeleydb,3,8000000,13.526550293
randread,berkeleydb,3,8000000,10.698301971
seqwrite,berkeleydb,3,8000000,20.9496619701
randwrite,berkeleydb,3,8000000,21.1026998758
seqread,berkeleydb,3,8000000,14.6272115707
randread,berkeleydb,3,8000000,11.5006149411
seqwrite,berkeleydb,3,8000000,21.1323502064
randwrite,berkeleydb,3,8000000,14.5146561861
seqread,berkeleydb,3,8000000,9.73229344686
randread,berkeleydb,3,8000000,7.35108458996
seqwrite,berkeleydb,3,8000000,2.12360715866
randwrite,berkeleydb,3,8000000,2.48095011711
seqread,berkeleydb,3,8000000,1.7124393781
randread,berkeleydb,3,8000000,1.33955478668
seqwrite,berkeleydb,3,8000000,2.14557600021
randwrite,berkeleydb,3,8000000,2.36219453812
seqread,berkeleydb,3,8000000,2.14917532603
randread,berkeleydb,3,8000000,2.17862099409
seqwrite,localfs,3,7500000,0.23174905777
randwrite,localfs,3,7500000,0.451563954353
seqread,localfs,3,7500000,0.304670572281
randread,localfs,3,7500000,0.310803413391
seqwrite,localfs,3,7500000,0.335412979126
randwrite,localfs,3,7500000,0.474476456642
seqread,localfs,3,7500000,0.339923302333
randread,localfs,3,7500000,0.310167253017
seqwrite,localfs,3,7500000,0.394060134888
randwrite,localfs,3,7500000,0.485495567322
seqread,localfs,3,7500000,0.343649069468
randread,localfs,3,7500000,0.313134551048
seqwrite,localfs,3,7500000,0.398020982742
randwrite,localfs,3,7500000,0.641035437584
seqread,localfs,3,7500000,0.430685281754
randread,localfs,3,7500000,0.390214502811
seqwrite,localfs,3,7500000,0.433602809906
randwrite,localfs,3,7500000,0.544338941574
seqread,localfs,3,7500000,0.383187294006
randread,localfs,3,7500000,0.368960261345
seqwrite,localfs,3,7500000,0.461928129196
randwrite,localfs,3,7500000,0.549723148346
seqread,localfs,3,7500000,0.389795064926
randread,localfs,3,7500000,0.350908577442
seqwrite,localfs,3,7500000,0.390232086182
randwrite,localfs,3,7500000,0.508338570595
seqread,localfs,3,7500000,0.366421778997
randread,localfs,3,7500000,0.330711364746
seqwrite,localfs,3,7500000,0.423559188843
randwrite,localfs,3,7500000,0.510605096817
seqread,localfs,3,7500000,0.34411239624
randread,localfs,3,7500000,0.337516546249
seqwrite,localfs,3,7500000,0.344482183456
randwrite,localfs,3,7500000,0.49036860466
seqread,localfs,3,7500000,0.330418745677
randread,localfs,3,7500000,0.327504336834
seqwrite,localfs,3,7500000,0.366275072098
randwrite,localfs,3,7500000,0.517926573753
seqread,localfs,3,7500000,0.348351399104
randread,localfs,3,7500000,0.34105104208
seqwrite,berkeleydb,3,7500000,33.0207328796
randwrite,berkeleydb,3,7500000,26.1325448751
seqread,berkeleydb,3,7500000,17.9825568994
randread,berkeleydb,3,7500000,13.9873676896
seqwrite,berkeleydb,3,7500000,19.6284980774
randwrite,berkeleydb,3,7500000,19.8700225353
seqread,berkeleydb,3,7500000,13.2974162896
randread,berkeleydb,3,7500000,10.0197972059
seqwrite,berkeleydb,3,7500000,1.99423098564
randwrite,berkeleydb,3,7500000,2.27838647366
seqread,berkeleydb,3,7500000,1.57029835383
randread,berkeleydb,3,7500000,1.22551852465
seqwrite,berkeleydb,3,7500000,2.01831698418
randwrite,berkeleydb,3,7500000,2.13964509964
seqread,berkeleydb,3,7500000,1.47828571002
randread,berkeleydb,3,7500000,1.15657925606
seqwrite,berkeleydb,3,7500000,13.8205759525
randwrite,berkeleydb,3,7500000,16.5920820236
seqread,berkeleydb,3,7500000,11.5827380021
randread,berkeleydb,3,7500000,9.19090849161
seqwrite,berkeleydb,3,7500000,19.6591279507
randwrite,berkeleydb,3,7500000,19.7001368999
seqread,berkeleydb,3,7500000,13.6733093262
randread,berkeleydb,3,7500000,10.8163235188
seqwrite,berkeleydb,3,7500000,19.6822078228
randwrite,berkeleydb,3,7500000,19.3245499134
seqread,berkeleydb,3,7500000,12.9369656245
randread,berkeleydb,3,7500000,9.75386124849
seqwrite,berkeleydb,3,7500000,1.99173307419
randwrite,berkeleydb,3,7500000,2.18319249153
seqread,berkeleydb,3,7500000,1.50952998797
randread,berkeleydb,3,7500000,1.18159997463
seqwrite,berkeleydb,3,7500000,2.04614114761
randwrite,berkeleydb,3,7500000,2.28121864796
seqread,berkeleydb,3,7500000,1.57601213455
randread,berkeleydb,3,7500000,1.23191559315
seqwrite,berkeleydb,3,7500000,2.03141999245
randwrite,berkeleydb,3,7500000,2.45322155952
seqread,berkeleydb,3,7500000,1.68938263257
randread,berkeleydb,3,7500000,1.31745767593
seqwrite,localfs,3,7000000,0.026535987854
randwrite,localfs,3,7000000,0.058075428009
seqread,localfs,3,7000000,0.0420036315918
randread,localfs,3,7000000,0.0383022427559
seqwrite,localfs,3,7000000,0.123097896576
randwrite,localfs,3,7000000,0.203051447868
seqread,localfs,3,7000000,0.139062643051
randread,localfs,3,7000000,0.11062502861
seqwrite,localfs,3,7000000,0.35694694519
randwrite,localfs,3,7000000,0.420312047005
seqread,localfs,3,7000000,0.283690373103
randread,localfs,3,7000000,0.218577027321
seqwrite,localfs,3,7000000,0.128987073898
randwrite,localfs,3,7000000,0.207270503044
seqread,localfs,3,7000000,0.140964349111
randread,localfs,3,7000000,0.111515522003
seqwrite,localfs,3,7000000,0.357567071915
randwrite,localfs,3,7000000,0.326063036919
seqread,localfs,3,7000000,0.220277388891
randread,localfs,3,7000000,0.171769082546
seqwrite,localfs,3,7000000,0.312764167786
randwrite,localfs,3,7000000,0.407972097397
seqread,localfs,3,7000000,0.275048732758
randread,localfs,3,7000000,0.212079823017
seqwrite,localfs,3,7000000,0.112057924271
randwrite,localfs,3,7000000,0.196065545082
seqread,localfs,3,7000000,0.133774757385
randread,localfs,3,7000000,0.106521546841
seqwrite,localfs,3,7000000,0.100006103516
randwrite,localfs,3,7000000,0.19205057621
seqread,localfs,3,7000000,0.130858739217
randread,localfs,3,7000000,0.103981852531
seqwrite,localfs,3,7000000,0.100980997086
randwrite,localfs,3,7000000,0.188812494278
seqread,localfs,3,7000000,0.128752708435
randread,localfs,3,7000000,0.103612780571
seqwrite,localfs,3,7000000,0.100008964539
randwrite,localfs,3,7000000,0.42129445076
seqread,localfs,3,7000000,0.284220616023
randread,localfs,3,7000000,0.219756424427
seqwrite,berkeleydb,3,7000000,8.83612298965
randwrite,berkeleydb,3,7000000,13.5197889805
seqread,berkeleydb,3,7000000,9.50585269928
randread,berkeleydb,3,7000000,7.60037201643
seqwrite,berkeleydb,3,7000000,19.0423460007
randwrite,berkeleydb,3,7000000,18.6888229847
seqread,berkeleydb,3,7000000,12.9872529507
randread,berkeleydb,3,7000000,10.1878371835
seqwrite,berkeleydb,3,7000000,17.9987139702
randwrite,berkeleydb,3,7000000,18.4470374584
seqread,berkeleydb,3,7000000,12.7731946309
randread,berkeleydb,3,7000000,10.0279644728
seqwrite,berkeleydb,3,7000000,18.2351038456
randwrite,berkeleydb,3,7000000,18.4852839708
seqread,berkeleydb,3,7000000,12.8495570024
randread,berkeleydb,3,7000000,10.1338675022
seqwrite,berkeleydb,3,7000000,19.1457800865
randwrite,berkeleydb,3,7000000,11.8946779966
seqread,berkeleydb,3,7000000,7.98721798261
randread,berkeleydb,3,7000000,6.04585772753
seqwrite,berkeleydb,3,7000000,2.03711009026
randwrite,berkeleydb,3,7000000,2.26217055321
seqread,berkeleydb,3,7000000,1.56322741508
randread,berkeleydb,3,7000000,1.22813433409
seqwrite,berkeleydb,3,7000000,6.05072689056
randwrite,berkeleydb,3,7000000,13.0238329172
seqread,berkeleydb,3,7000000,9.20056962967
randread,berkeleydb,3,7000000,7.3972672224
seqwrite,berkeleydb,3,7000000,19.2191550732
randwrite,berkeleydb,3,7000000,18.9972385168
seqread,berkeleydb,3,7000000,13.1935420036
randread,berkeleydb,3,7000000,10.36783427
seqwrite,berkeleydb,3,7000000,18.3979561329
randwrite,berkeleydb,3,7000000,18.4366390705
seqread,berkeleydb,3,7000000,12.7814290524
randread,berkeleydb,3,7000000,10.059512794
seqwrite,berkeleydb,3,7000000,18.3651180267
randwrite,berkeleydb,3,7000000,18.3642274141
seqread,berkeleydb,3,7000000,12.4930636088
randread,berkeleydb,3,7000000,9.41715049744
seqwrite,localfs,3,6500000,0.0231981277466
randwrite,localfs,3,6500000,0.0561820268631
seqread,localfs,3,6500000,0.0401190121969
randread,localfs,3,6500000,0.0362172722816
seqwrite,localfs,3,6500000,0.0859849452972
randwrite,localfs,3,6500000,0.415629982948
seqread,localfs,3,6500000,0.279694636663
randread,localfs,3,6500000,0.2156239748
seqwrite,localfs,3,6500000,0.0996100902557
randwrite,localfs,3,6500000,0.183212637901
seqread,localfs,3,6500000,0.124841451645
randread,localfs,3,6500000,0.0994018316269
seqwrite,localfs,3,6500000,0.0941679477692
randwrite,localfs,3,6500000,0.177652001381
seqread,localfs,3,6500000,0.121076027552
randread,localfs,3,6500000,0.0959675312042
seqwrite,localfs,3,6500000,0.121772050858
randwrite,localfs,3,6500000,0.189668059349
seqread,localfs,3,6500000,0.129256725311
randread,localfs,3,6500000,0.104647815228
seqwrite,localfs,3,6500000,0.0829651355743
randwrite,localfs,3,6500000,0.17038166523
seqread,localfs,3,6500000,0.11673506101
randread,localfs,3,6500000,0.0939147472382
seqwrite,localfs,3,6500000,0.0968339443207
randwrite,localfs,3,6500000,0.177639961243
seqread,localfs,3,6500000,0.121828953425
randread,localfs,3,6500000,0.0982422232628
seqwrite,localfs,3,6500000,0.0897347927094
randwrite,localfs,3,6500000,0.192444324493
seqread,localfs,3,6500000,0.131210883458
randread,localfs,3,6500000,0.104271411896
seqwrite,localfs,3,6500000,0.0833358764648
randwrite,localfs,3,6500000,0.174837350845
seqread,localfs,3,6500000,0.119400501251
randread,localfs,3,6500000,0.0962261557579
seqwrite,localfs,3,6500000,0.091490983963
randwrite,localfs,3,6500000,0.17867410183
seqread,localfs,3,6500000,0.123080730438
randread,localfs,3,6500000,0.0989252924919
seqwrite,berkeleydb,3,6500000,2.88261198997
randwrite,berkeleydb,3,6500000,2.50468957424
seqread,berkeleydb,3,6500000,1.7166463534
randread,berkeleydb,3,6500000,1.32913798094
seqwrite,berkeleydb,3,6500000,1.70250201225
randwrite,berkeleydb,3,6500000,7.68280410767
seqread,berkeleydb,3,6500000,5.59470677376
randread,berkeleydb,3,6500000,4.6133005619
seqwrite,berkeleydb,3,6500000,17.1555612087
randwrite,berkeleydb,3,6500000,18.4195941687
seqread,berkeleydb,3,6500000,12.8312954903
randread,berkeleydb,3,6500000,10.1309316158
seqwrite,berkeleydb,3,6500000,18.7860059738
randwrite,berkeleydb,3,6500000,18.9828569889
seqread,berkeleydb,3,6500000,13.1098369757
randread,berkeleydb,3,6500000,10.2479057312
seqwrite,berkeleydb,3,6500000,16.8788619041
randwrite,berkeleydb,3,6500000,16.9651429653
seqread,berkeleydb,3,6500000,11.7821616332
randread,berkeleydb,3,6500000,9.27620720863
seqwrite,berkeleydb,3,6500000,17.1595659256
randwrite,berkeleydb,3,6500000,15.439414978
seqread,berkeleydb,3,6500000,10.3399422963
randread,berkeleydb,3,6500000,7.79785895348
seqwrite,berkeleydb,3,6500000,1.73754882812
randwrite,berkeleydb,3,6500000,1.88170945644
seqread,berkeleydb,3,6500000,1.30109230677
randread,berkeleydb,3,6500000,1.0176396966
seqwrite,berkeleydb,3,6500000,1.76818203926
randwrite,berkeleydb,3,6500000,4.70366799831
seqread,berkeleydb,3,6500000,3.58916695913
randread,berkeleydb,3,6500000,3.15740269423
seqwrite,berkeleydb,3,6500000,17.6013479233
randwrite,berkeleydb,3,6500000,17.2897930145
seqread,berkeleydb,3,6500000,12.0023357073
randread,berkeleydb,3,6500000,9.47302901745
seqwrite,berkeleydb,3,6500000,18.4218947887
randwrite,berkeleydb,3,6500000,17.8005894423
seqread,berkeleydb,3,6500000,12.319050312
randread,berkeleydb,3,6500000,9.65558820963
seqwrite,localfs,3,6000000,0.226593017578
randwrite,localfs,3,6000000,0.331845521927
seqread,localfs,3,6000000,0.224349339803
randread,localfs,3,6000000,0.244517743587
seqwrite,localfs,3,6000000,0.264746904373
randwrite,localfs,3,6000000,0.388503432274
seqread,localfs,3,6000000,0.262095292409
randread,localfs,3,6000000,0.272168517113
seqwrite,localfs,3,6000000,0.264343976974
randwrite,localfs,3,6000000,0.437870025635
seqread,localfs,3,6000000,0.294898033142
randread,localfs,3,6000000,0.300100028515
seqwrite,localfs,3,6000000,0.166079044342
randwrite,localfs,3,6000000,0.377638459206
seqread,localfs,3,6000000,0.255062262217
randread,localfs,3,6000000,0.266882956028
seqwrite,localfs,3,6000000,0.221326112747
randwrite,localfs,3,6000000,0.440015077591
seqread,localfs,3,6000000,0.316654364268
randread,localfs,3,6000000,0.269403278828
seqwrite,localfs,3,6000000,0.337409973145
randwrite,localfs,3,6000000,0.402657032013
seqread,localfs,3,6000000,0.271806399028
randread,localfs,3,6000000,0.282356023788
seqwrite,localfs,3,6000000,0.178037166595
randwrite,localfs,3,6000000,0.473972082138
seqread,localfs,3,6000000,0.318864425023
randread,localfs,3,6000000,0.293678343296
seqwrite,localfs,3,6000000,0.284065961838
randwrite,localfs,3,6000000,0.409381508827
seqread,localfs,3,6000000,0.275636672974
randread,localfs,3,6000000,0.285779297352
seqwrite,localfs,3,6000000,0.197596073151
randwrite,localfs,3,6000000,0.371482014656
seqread,localfs,3,6000000,0.250675678253
randread,localfs,3,6000000,0.266678035259
seqwrite,localfs,3,6000000,0.287055969238
randwrite,localfs,3,6000000,0.395239472389
seqread,localfs,3,6000000,0.2665959994
randread,localfs,3,6000000,0.25135821104
seqwrite,berkeleydb,3,6000000,26.6563098431
randwrite,berkeleydb,3,6000000,21.2279169559
seqread,berkeleydb,3,6000000,14.5542039871
randread,berkeleydb,3,6000000,11.3004482388
seqwrite,berkeleydb,3,6000000,12.503937006
randwrite,berkeleydb,3,6000000,7.47567200661
seqread,berkeleydb,3,6000000,5.02540135384
randread,berkeleydb,3,6000000,3.80792325735
seqwrite,berkeleydb,3,6000000,1.5895409584
randwrite,berkeleydb,3,6000000,1.83817899227
seqread,berkeleydb,3,6000000,1.26756604513
randread,berkeleydb,3,6000000,0.989556312561
seqwrite,berkeleydb,3,6000000,1.83027982712
randwrite,berkeleydb,3,6000000,8.55666589737
seqread,berkeleydb,3,6000000,6.09624290466
randread,berkeleydb,3,6000000,4.98791915178
seqwrite,berkeleydb,3,6000000,16.252671957
randwrite,berkeleydb,3,6000000,16.0977829695
seqread,berkeleydb,3,6000000,11.1563169956
randread,berkeleydb,3,6000000,8.80758851767
seqwrite,berkeleydb,3,6000000,15.6350519657
randwrite,berkeleydb,3,6000000,15.8128260374
seqread,berkeleydb,3,6000000,10.9599734147
randread,berkeleydb,3,6000000,8.60793477297
seqwrite,berkeleydb,3,6000000,15.6488919258
randwrite,berkeleydb,3,6000000,15.8200739622
seqread,berkeleydb,3,6000000,10.9661815961
randread,berkeleydb,3,6000000,8.61095422506
seqwrite,berkeleydb,3,6000000,15.6005029678
randwrite,berkeleydb,3,6000000,16.0358120203
seqread,berkeleydb,3,6000000,11.1105546157
randread,berkeleydb,3,6000000,8.72167348862
seqwrite,berkeleydb,3,6000000,6.8123729229
randwrite,berkeleydb,3,6000000,4.44942295551
seqread,berkeleydb,3,6000000,3.00892829895
randread,berkeleydb,3,6000000,2.2969622612
seqwrite,berkeleydb,3,6000000,1.80907511711
randwrite,berkeleydb,3,6000000,1.84593260288
seqread,berkeleydb,3,6000000,1.27273511887
randread,berkeleydb,3,6000000,0.993874311447
seqwrite,localfs,3,5500000,0.0197958946228
randwrite,localfs,3,5500000,0.0384614467621
seqread,localfs,3,5500000,0.027926603953
randread,localfs,3,5500000,0.0253979563713
seqwrite,localfs,3,5500000,0.111531019211
randwrite,localfs,3,5500000,0.156684994698
seqread,localfs,3,5500000,0.106746673584
randread,localfs,3,5500000,0.0850997567177
seqwrite,localfs,3,5500000,0.096932888031
randwrite,localfs,3,5500000,0.160153865814
seqread,localfs,3,5500000,0.109041611354
randread,localfs,3,5500000,0.086599946022
seqwrite,localfs,3,5500000,0.0931890010834
randwrite,localfs,3,5500000,0.261850476265
seqread,localfs,3,5500000,0.177289962769
randread,localfs,3,5500000,0.13887321949
seqwrite,localfs,3,5500000,0.0963518619537
randwrite,localfs,3,5500000,0.154163956642
seqread,localfs,3,5500000,0.105186303457
randread,localfs,3,5500000,0.0841549634933
seqwrite,localfs,3,5500000,0.0915291309357
randwrite,localfs,3,5500000,0.135146617889
seqread,localfs,3,5500000,0.0924313863118
randread,localfs,3,5500000,0.0739148259163
seqwrite,localfs,3,5500000,0.124551057816
randwrite,localfs,3,5500000,0.165147542953
seqread,localfs,3,5500000,0.112763404846
randread,localfs,3,5500000,0.0901607871056
seqwrite,localfs,3,5500000,0.100975036621
randwrite,localfs,3,5500000,0.247675418854
seqread,localfs,3,5500000,0.199730555216
randread,localfs,3,5500000,0.179514884949
seqwrite,localfs,3,5500000,0.154674053192
randwrite,localfs,3,5500000,0.342023491859
seqread,localfs,3,5500000,0.230661312739
randread,localfs,3,5500000,0.227302253246
seqwrite,localfs,3,5500000,0.260708093643
randwrite,localfs,3,5500000,0.373335599899
seqread,localfs,3,5500000,0.251714388529
randread,localfs,3,5500000,0.245412528515
seqwrite,berkeleydb,3,5500000,23.7521030903
randwrite,berkeleydb,3,5500000,19.2937345505
seqread,berkeleydb,3,5500000,13.2251193523
randread,berkeleydb,3,5500000,10.2755537629
seqwrite,berkeleydb,3,5500000,14.418325901
randwrite,berkeleydb,3,5500000,14.4308384657
seqread,berkeleydb,3,5500000,10.0082963308
randread,berkeleydb,3,5500000,7.89078301191
seqwrite,berkeleydb,3,5500000,14.9192538261
randwrite,berkeleydb,3,5500000,14.9209945202
seqread,berkeleydb,3,5500000,10.3261267344
randread,berkeleydb,3,5500000,8.12551754713
seqwrite,berkeleydb,3,5500000,14.4317638874
randwrite,berkeleydb,3,5500000,14.3875319958
seqread,berkeleydb,3,5500000,10.0154976845
randread,berkeleydb,3,5500000,7.90824025869
seqwrite,berkeleydb,3,5500000,13.9860510826
randwrite,berkeleydb,3,5500000,7.84234201908
seqread,berkeleydb,3,5500000,5.26844501495
randread,berkeleydb,3,5500000,3.98694497347
seqwrite,berkeleydb,3,5500000,1.66682696342
randwrite,berkeleydb,3,5500000,1.93282651901
seqread,berkeleydb,3,5500000,1.3273413976
randread,berkeleydb,3,5500000,1.03065603971
seqwrite,berkeleydb,3,5500000,1.480656147
randwrite,berkeleydb,3,5500000,2.20372152328
seqread,berkeleydb,3,5500000,1.89211368561
randread,berkeleydb,3,5500000,1.79917877913
seqwrite,berkeleydb,3,5500000,14.3766958714
randwrite,berkeleydb,3,5500000,14.3364503384
seqread,berkeleydb,3,5500000,9.96194585164
randread,berkeleydb,3,5500000,7.85712587833
seqwrite,berkeleydb,3,5500000,14.4648790359
randwrite,berkeleydb,3,5500000,14.4561010599
seqread,berkeleydb,3,5500000,10.0422526995
randread,berkeleydb,3,5500000,7.91414254904
seqwrite,berkeleydb,3,5500000,14.3467190266
randwrite,berkeleydb,3,5500000,14.466324091
seqread,berkeleydb,3,5500000,10.0126796563
randread,berkeleydb,3,5500000,7.86704522371
seqwrite,localfs,3,5000000,0.234126091003
randwrite,localfs,3,5000000,0.240233540535
seqread,localfs,3,5000000,0.198718706767
randread,localfs,3,5000000,0.178232550621
seqwrite,localfs,3,5000000,0.203902959824
randwrite,localfs,3,5000000,0.519944429398
seqread,localfs,3,5000000,0.380918979645
randread,localfs,3,5000000,0.314819216728
seqwrite,localfs,3,5000000,0.281599998474
randwrite,localfs,3,5000000,0.437372565269
seqread,localfs,3,5000000,0.326309680939
randread,localfs,3,5000000,0.297891020775
seqwrite,localfs,3,5000000,0.270971059799
randwrite,localfs,3,5000000,0.331375002861
seqread,localfs,3,5000000,0.255925655365
randread,localfs,3,5000000,0.220584750175
seqwrite,localfs,3,5000000,0.302863836288
randwrite,localfs,3,5000000,0.328447461128
seqread,localfs,3,5000000,0.257518291473
randread,localfs,3,5000000,0.222150206566
seqwrite,localfs,3,5000000,0.421018123627
randwrite,localfs,3,5000000,0.413430094719
seqread,localfs,3,5000000,0.314494053523
randread,localfs,3,5000000,0.289198040962
seqwrite,localfs,3,5000000,0.16294002533
randwrite,localfs,3,5000000,0.316432476044
seqread,localfs,3,5000000,0.214126984278
randread,localfs,3,5000000,0.230779528618
seqwrite,localfs,3,5000000,0.228281974792
randwrite,localfs,3,5000000,0.284351587296
seqread,localfs,3,5000000,0.224686384201
randread,localfs,3,5000000,0.221918284893
seqwrite,localfs,3,5000000,0.163730144501
randwrite,localfs,3,5000000,0.273465514183
seqread,localfs,3,5000000,0.21680967013
randread,localfs,3,5000000,0.21632874012
seqwrite,localfs,3,5000000,0.164175987244
randwrite,localfs,3,5000000,0.284240961075
seqread,localfs,3,5000000,0.224485317866
randread,localfs,3,5000000,0.197013437748
seqwrite,berkeleydb,3,5000000,21.8432660103
randwrite,berkeleydb,3,5000000,17.3156965971
seqread,berkeleydb,3,5000000,11.8745474021
randread,berkeleydb,3,5000000,9.26095378399
seqwrite,berkeleydb,3,5000000,12.8839361668
randwrite,berkeleydb,3,5000000,10.2214546204
seqread,berkeleydb,3,5000000,6.8569530646
randread,berkeleydb,3,5000000,5.17999333143
seqwrite,berkeleydb,3,5000000,1.48333287239
randwrite,berkeleydb,3,5000000,1.64501047134
seqread,berkeleydb,3,5000000,1.13376696905
randread,berkeleydb,3,5000000,0.884974002838
seqwrite,berkeleydb,3,5000000,1.35139799118
randwrite,berkeleydb,3,5000000,1.44767594337
seqread,berkeleydb,3,5000000,1.00172130267
randread,berkeleydb,3,5000000,0.784369707108
seqwrite,berkeleydb,3,5000000,12.8285031319
randwrite,berkeleydb,3,5000000,13.4558435678
seqread,berkeleydb,3,5000000,9.43402568499
randread,berkeleydb,3,5000000,7.42878901958
seqwrite,berkeleydb,3,5000000,13.9741051197
randwrite,berkeleydb,3,5000000,13.9120020866
seqread,berkeleydb,3,5000000,9.6363500754
randread,berkeleydb,3,5000000,7.55251079798
seqwrite,berkeleydb,3,5000000,13.3847870827
randwrite,berkeleydb,3,5000000,13.4899270535
seqread,berkeleydb,3,5000000,9.33806904157
randread,berkeleydb,3,5000000,7.33092230558
seqwrite,berkeleydb,3,5000000,13.0180549622
randwrite,berkeleydb,3,5000000,13.0506694317
seqread,berkeleydb,3,5000000,9.06543827057
randread,berkeleydb,3,5000000,7.15375816822
seqwrite,berkeleydb,3,5000000,13.2010319233
randwrite,berkeleydb,3,5000000,13.3043934107
seqread,berkeleydb,3,5000000,9.21881159147
randread,berkeleydb,3,5000000,7.26462072134
seqwrite,berkeleydb,3,5000000,8.87933087349
randwrite,berkeleydb,3,5000000,5.26896739006
seqread,berkeleydb,3,5000000,3.55366190275
randread,berkeleydb,3,5000000,2.70367366076
seqwrite,localfs,3,4500000,0.0177719593048
randwrite,localfs,3,4500000,0.0236359834671
seqread,localfs,3,4500000,0.0183646678925
randread,localfs,3,4500000,0.0183774828911
seqwrite,localfs,3,4500000,0.105111122131
randwrite,localfs,3,4500000,0.130050063133
seqread,localfs,3,4500000,0.0893447399139
randread,localfs,3,4500000,0.0731730461121
seqwrite,localfs,3,4500000,0.120392084122
randwrite,localfs,3,4500000,0.136518955231
seqread,localfs,3,4500000,0.0931932926178
randread,localfs,3,4500000,0.0739717483521
seqwrite,localfs,3,4500000,0.351323127747
randwrite,localfs,3,4500000,0.251978516579
seqread,localfs,3,4500000,0.170965274175
randread,localfs,3,4500000,0.132676243782
seqwrite,localfs,3,4500000,0.0946910381317
randwrite,localfs,3,4500000,0.211081027985
seqread,localfs,3,4500000,0.143095016479
randread,localfs,3,4500000,0.111639738083
seqwrite,localfs,3,4500000,0.0974018573761
randwrite,localfs,3,4500000,0.123628020287
seqread,localfs,3,4500000,0.0845587253571
randread,localfs,3,4500000,0.0680277943611
seqwrite,localfs,3,4500000,0.0990450382233
randwrite,localfs,3,4500000,0.123879551888
seqread,localfs,3,4500000,0.0851847330729
randread,localfs,3,4500000,0.068285048008
seqwrite,localfs,3,4500000,0.0946588516235
randwrite,localfs,3,4500000,0.12099146843
seqread,localfs,3,4500000,0.0827259222666
randread,localfs,3,4500000,0.066712975502
seqwrite,localfs,3,4500000,0.112958908081
randwrite,localfs,3,4500000,0.216851472855
seqread,localfs,3,4500000,0.146941661835
randread,localfs,3,4500000,0.114713251591
seqwrite,localfs,3,4500000,0.0958549976349
randwrite,localfs,3,4500000,0.123147964478
seqread,localfs,3,4500000,0.0846862792969
randread,localfs,3,4500000,0.068352162838
seqwrite,berkeleydb,3,4500000,2.03620004654
randwrite,berkeleydb,3,4500000,1.71734499931
seqread,berkeleydb,3,4500000,1.17780629794
randread,berkeleydb,3,4500000,0.913443982601
seqwrite,berkeleydb,3,4500000,1.30632305145
randwrite,berkeleydb,3,4500000,5.96557712555
seqread,berkeleydb,3,4500000,4.30547078451
randread,berkeleydb,3,4500000,3.52476233244
seqwrite,berkeleydb,3,4500000,12.2205381393
randwrite,berkeleydb,3,4500000,11.9317650795
seqread,berkeleydb,3,4500000,8.27552072207
randread,berkeleydb,3,4500000,6.53139227629
seqwrite,berkeleydb,3,4500000,12.219050169
randwrite,berkeleydb,3,4500000,12.0955281258
seqread,berkeleydb,3,4500000,8.38037610054
randread,berkeleydb,3,4500000,6.58368784189
seqwrite,berkeleydb,3,4500000,12.9610819817
randwrite,berkeleydb,3,4500000,12.6163885593
seqread,berkeleydb,3,4500000,8.71152504285
randread,berkeleydb,3,4500000,6.82897275686
seqwrite,berkeleydb,3,4500000,12.0762140751
randwrite,berkeleydb,3,4500000,12.5928615332
seqread,berkeleydb,3,4500000,8.73967663447
randread,berkeleydb,3,4500000,6.90376800299
seqwrite,berkeleydb,3,4500000,12.6468579769
randwrite,berkeleydb,3,4500000,12.43622756
seqread,berkeleydb,3,4500000,8.62094370524
randread,berkeleydb,3,4500000,6.76142901182
seqwrite,berkeleydb,3,4500000,11.8883190155
randwrite,berkeleydb,3,4500000,6.67391252518
seqread,berkeleydb,3,4500000,4.48492868741
randread,berkeleydb,3,4500000,3.39614778757
seqwrite,berkeleydb,3,4500000,1.25260710716
randwrite,berkeleydb,3,4500000,1.35177755356
seqread,berkeleydb,3,4500000,0.938733418783
randread,berkeleydb,3,4500000,0.737769067287
seqwrite,berkeleydb,3,4500000,1.24943518639
randwrite,berkeleydb,3,4500000,1.33211457729
seqread,berkeleydb,3,4500000,0.921964724859
randread,berkeleydb,3,4500000,0.721216320992
seqwrite,localfs,3,4000000,0.014867067337
randwrite,localfs,3,4000000,0.0196496248245
seqread,localfs,3,4000000,0.0146683851878
randread,localfs,3,4000000,0.0143402814865
seqwrite,localfs,3,4000000,0.110486030579
randwrite,localfs,3,4000000,0.258984565735
seqread,localfs,3,4000000,0.174569765727
randread,localfs,3,4000000,0.183230340481
seqwrite,localfs,3,4000000,0.339577913284
randwrite,localfs,3,4000000,0.443745017052
seqread,localfs,3,4000000,0.29777264595
randread,localfs,3,4000000,0.275430738926
seqwrite,localfs,3,4000000,0.158060073853
randwrite,localfs,3,4000000,0.206494569778
seqread,localfs,3,4000000,0.171465396881
randread,localfs,3,4000000,0.159292578697
seqwrite,localfs,3,4000000,0.156450986862
randwrite,localfs,3,4000000,0.205427050591
seqread,localfs,3,4000000,0.138665676117
randread,localfs,3,4000000,0.157073497772
seqwrite,localfs,3,4000000,0.189653158188
randwrite,localfs,3,4000000,0.237665534019
seqread,localfs,3,4000000,0.160091400146
randread,localfs,3,4000000,0.150487065315
seqwrite,localfs,3,4000000,0.279116868973
randwrite,localfs,3,4000000,0.35381090641
seqread,localfs,3,4000000,0.269699891408
randread,localfs,3,4000000,0.232955932617
seqwrite,localfs,3,4000000,0.274348020554
randwrite,localfs,3,4000000,0.313234448433
seqread,localfs,3,4000000,0.246590296427
randread,localfs,3,4000000,0.214269995689
seqwrite,localfs,3,4000000,0.45484495163
randwrite,localfs,3,4000000,0.52593588829
seqread,localfs,3,4000000,0.385623931885
randread,localfs,3,4000000,0.311682462692
seqwrite,localfs,3,4000000,0.211612939835
randwrite,localfs,3,4000000,0.361343026161
seqread,localfs,3,4000000,0.242912054062
randread,localfs,3,4000000,0.210059523582
seqwrite,berkeleydb,3,4000000,18.0571429729
randwrite,berkeleydb,3,4000000,14.3410644531
seqread,berkeleydb,3,4000000,9.83045697212
randread,berkeleydb,3,4000000,7.64051169157
seqwrite,berkeleydb,3,4000000,10.7762069702
randwrite,berkeleydb,3,4000000,10.6816805601
seqread,berkeleydb,3,4000000,7.39121802648
randread,berkeleydb,3,4000000,5.8105610013
seqwrite,berkeleydb,3,4000000,10.426295042
randwrite,berkeleydb,3,4000000,10.7307469845
seqread,berkeleydb,3,4000000,7.45559867223
randread,berkeleydb,3,4000000,5.85867851973
seqwrite,berkeleydb,3,4000000,10.5649650097
randwrite,berkeleydb,3,4000000,10.7011810541
seqread,berkeleydb,3,4000000,7.39632304509
randread,berkeleydb,3,4000000,5.8342872858
seqwrite,berkeleydb,3,4000000,10.4585778713
randwrite,berkeleydb,3,4000000,10.4532053471
seqread,berkeleydb,3,4000000,7.26593955358
randread,berkeleydb,3,4000000,5.716375947
seqwrite,berkeleydb,3,4000000,11.0929532051
randwrite,berkeleydb,3,4000000,10.850058198
seqread,berkeleydb,3,4000000,7.51516509056
randread,berkeleydb,3,4000000,5.90370881557
seqwrite,berkeleydb,3,4000000,7.1619977951
randwrite,berkeleydb,3,4000000,4.20311546326
seqread,berkeleydb,3,4000000,2.83071962992
randread,berkeleydb,3,4000000,2.15013349056
seqwrite,berkeleydb,3,4000000,1.32585406303
randwrite,berkeleydb,3,4000000,1.4091925621
seqread,berkeleydb,3,4000000,0.968562364578
randread,berkeleydb,3,4000000,0.754521012306
seqwrite,berkeleydb,3,4000000,1.09342718124
randwrite,berkeleydb,3,4000000,1.18801903725
seqread,berkeleydb,3,4000000,0.820823987325
randread,berkeleydb,3,4000000,0.6423407197
seqwrite,berkeleydb,3,4000000,8.32598686218
randwrite,berkeleydb,3,4000000,9.46361935139
seqread,berkeleydb,3,4000000,6.58701189359
randread,berkeleydb,3,4000000,5.2080771327
seqwrite,localfs,3,3500000,0.109550952911
randwrite,localfs,3,3500000,0.173680067062
seqread,localfs,3,3500000,0.117300430934
randread,localfs,3,3500000,0.114987552166
seqwrite,localfs,3,3500000,0.234931945801
randwrite,localfs,3,3500000,0.346312046051
seqread,localfs,3,3500000,0.232843319575
randread,localfs,3,3500000,0.223345756531
seqwrite,localfs,3,3500000,0.156896114349
randwrite,localfs,3,3500000,0.166273474693
seqread,localfs,3,3500000,0.148633321126
randread,localfs,3,3500000,0.142019450665
seqwrite,localfs,3,3500000,0.176517963409
randwrite,localfs,3,3500000,0.181404471397
seqread,localfs,3,3500000,0.158459266027
randread,localfs,3,3500000,0.145727932453
seqwrite,localfs,3,3500000,0.19185090065
randwrite,localfs,3,3500000,0.183781981468
seqread,localfs,3,3500000,0.160381952922
randread,localfs,3,3500000,0.147785961628
seqwrite,localfs,3,3500000,0.177800893784
randwrite,localfs,3,3500000,0.312240004539
seqread,localfs,3,3500000,0.20986032486
randread,localfs,3,3500000,0.211939692497
seqwrite,localfs,3,3500000,0.123532056808
randwrite,localfs,3,3500000,0.198139429092
seqread,localfs,3,3500000,0.134155273438
randread,localfs,3,3500000,0.128343939781
seqwrite,localfs,3,3500000,0.207646131516
randwrite,localfs,3,3500000,0.191665053368
seqread,localfs,3,3500000,0.166087071101
randread,localfs,3,3500000,0.148951053619
seqwrite,localfs,3,3500000,0.189325094223
randwrite,localfs,3,3500000,0.295808076859
seqread,localfs,3,3500000,0.231769402822
randread,localfs,3,3500000,0.201126515865
seqwrite,localfs,3,3500000,0.189295053482
randwrite,localfs,3,3500000,0.22788310051
seqread,localfs,3,3500000,0.182045777639
randread,localfs,3,3500000,0.167457342148
seqwrite,berkeleydb,3,3500000,16.0826311111
randwrite,berkeleydb,3,3500000,12.7550970316
seqread,berkeleydb,3,3500000,8.72012869517
randread,berkeleydb,3,3500000,6.77604478598
seqwrite,berkeleydb,3,3500000,8.96139597893
randwrite,berkeleydb,3,3500000,9.00817191601
seqread,berkeleydb,3,3500000,6.24693059921
randread,berkeleydb,3,3500000,4.92161244154
seqwrite,berkeleydb,3,3500000,9.12919187546
randwrite,berkeleydb,3,3500000,9.39610993862
seqread,berkeleydb,3,3500000,6.51751001676
randread,berkeleydb,3,3500000,5.12435001135
seqwrite,berkeleydb,3,3500000,9.80259799957
randwrite,berkeleydb,3,3500000,9.74283051491
seqread,berkeleydb,3,3500000,6.75767739614
randread,berkeleydb,3,3500000,5.30544829369
seqwrite,berkeleydb,3,3500000,9.3972890377
randwrite,berkeleydb,3,3500000,9.40791404247
seqread,berkeleydb,3,3500000,6.51780533791
randread,berkeleydb,3,3500000,5.14784479141
seqwrite,berkeleydb,3,3500000,9.17208194733
randwrite,berkeleydb,3,3500000,9.29155290127
seqread,berkeleydb,3,3500000,6.44432528814
randread,berkeleydb,3,3500000,5.07042646408
seqwrite,berkeleydb,3,3500000,3.16408610344
randwrite,berkeleydb,3,3500000,2.12540447712
seqread,berkeleydb,3,3500000,1.44198234876
randread,berkeleydb,3,3500000,1.1047142148
seqwrite,berkeleydb,3,3500000,0.947278022766
randwrite,berkeleydb,3,3500000,1.11904895306
seqread,berkeleydb,3,3500000,0.771067619324
randread,berkeleydb,3,3500000,0.600957691669
seqwrite,berkeleydb,3,3500000,0.950505018234
randwrite,berkeleydb,3,3500000,1.04464244843
seqread,berkeleydb,3,3500000,0.727475643158
randread,berkeleydb,3,3500000,0.571623504162
seqwrite,berkeleydb,3,3500000,1.00096511841
randwrite,berkeleydb,3,3500000,3.7017095089
seqread,berkeleydb,3,3500000,2.70987200737
randread,berkeleydb,3,3500000,2.26919424534
seqwrite,localfs,3,3000000,0.119309186935
randwrite,localfs,3,3000000,0.170956611633
seqread,localfs,3,3000000,0.115157445272
randread,localfs,3,3000000,0.115991353989
seqwrite,localfs,3,3000000,0.0761737823486
randwrite,localfs,3,3000000,0.18429684639
seqread,localfs,3,3000000,0.124550580978
randread,localfs,3,3000000,0.120292186737
seqwrite,localfs,3,3000000,0.378351926804
randwrite,localfs,3,3000000,0.281432390213
seqread,localfs,3,3000000,0.189189592997
randread,localfs,3,3000000,0.169079959393
seqwrite,localfs,3,3000000,0.119513988495
randwrite,localfs,3,3000000,0.205767989159
seqread,localfs,3,3000000,0.138568321864
randread,localfs,3,3000000,0.127793729305
seqwrite,localfs,3,3000000,0.0975291728973
randwrite,localfs,3,3000000,0.25955760479
seqread,localfs,3,3000000,0.21050842603
randread,localfs,3,3000000,0.185371279716
seqwrite,localfs,3,3000000,0.163959980011
randwrite,localfs,3,3000000,0.292899012566
seqread,localfs,3,3000000,0.196605682373
randread,localfs,3,3000000,0.174826264381
seqwrite,localfs,3,3000000,0.185299873352
randwrite,localfs,3,3000000,0.178341388702
seqread,localfs,3,3000000,0.120123624802
randread,localfs,3,3000000,0.117470741272
seqwrite,localfs,3,3000000,0.185292959213
randwrite,localfs,3,3000000,0.178682923317
seqread,localfs,3,3000000,0.120333274206
randread,localfs,3,3000000,0.120454251766
seqwrite,localfs,3,3000000,0.0771210193634
randwrite,localfs,3,3000000,0.15695309639
seqread,localfs,3,3000000,0.10628302892
randread,localfs,3,3000000,0.103958487511
seqwrite,localfs,3,3000000,0.110059976578
randwrite,localfs,3,3000000,0.195212483406
seqread,localfs,3,3000000,0.13140130043
randread,localfs,3,3000000,0.128735005856
seqwrite,berkeleydb,3,3000000,13.0074670315
randwrite,berkeleydb,3,3000000,10.4152020216
seqread,berkeleydb,3,3000000,7.14085332553
randread,berkeleydb,3,3000000,5.56170725822
seqwrite,berkeleydb,3,3000000,8.22752809525
randwrite,berkeleydb,3,3000000,7.9912661314
seqread,berkeleydb,3,3000000,5.50941411654
randread,berkeleydb,3,3000000,4.31367605925
seqwrite,berkeleydb,3,3000000,8.204185009
randwrite,berkeleydb,3,3000000,8.40373957157
seqread,berkeleydb,3,3000000,5.80832807223
randread,berkeleydb,3,3000000,4.53734582663
seqwrite,berkeleydb,3,3000000,7.96664595604
randwrite,berkeleydb,3,3000000,7.86766052246
seqread,berkeleydb,3,3000000,5.43878499667
randread,berkeleydb,3,3000000,4.28395825624
seqwrite,berkeleydb,3,3000000,7.84464287758
randwrite,berkeleydb,3,3000000,7.91381800175
seqread,berkeleydb,3,3000000,5.48759571711
randread,berkeleydb,3,3000000,4.31867200136
seqwrite,berkeleydb,3,3000000,7.89936685562
randwrite,berkeleydb,3,3000000,7.89007735252
seqread,berkeleydb,3,3000000,5.44620060921
randread,berkeleydb,3,3000000,4.29424846172
seqwrite,berkeleydb,3,3000000,8.24935889244
randwrite,berkeleydb,3,3000000,8.05219590664
seqread,berkeleydb,3,3000000,5.58236026764
randread,berkeleydb,3,3000000,4.39338719845
seqwrite,berkeleydb,3,3000000,7.87087202072
randwrite,berkeleydb,3,3000000,8.09409499168
seqread,berkeleydb,3,3000000,5.60238830249
randread,berkeleydb,3,3000000,4.43733549118
seqwrite,berkeleydb,3,3000000,3.50695610046
randwrite,berkeleydb,3,3000000,2.34076249599
seqread,berkeleydb,3,3000000,1.5819849968
randread,berkeleydb,3,3000000,1.20666694641
seqwrite,berkeleydb,3,3000000,0.826925039291
randwrite,berkeleydb,3,3000000,1.00352954865
seqread,berkeleydb,3,3000000,0.690658728282
randread,berkeleydb,3,3000000,0.537587285042
seqwrite,localfs,3,2500000,0.00921416282654
randwrite,localfs,3,2500000,0.0124090909958
seqread,localfs,3,2500000,0.0092724164327
randread,localfs,3,2500000,0.00938129425049
seqwrite,localfs,3,2500000,0.520286798477
randwrite,localfs,3,2500000,0.303240895271
seqread,localfs,3,2500000,0.203450520833
randread,localfs,3,2500000,0.155023872852
seqwrite,localfs,3,2500000,0.0546190738678
randwrite,localfs,3,2500000,0.0687814950943
seqread,localfs,3,2500000,0.0469136238098
randread,localfs,3,2500000,0.0374707579613
seqwrite,localfs,3,2500000,0.300853013992
randwrite,localfs,3,2500000,0.283223509789
seqread,localfs,3,2500000,0.18983801206
randread,localfs,3,2500000,0.144698500633
seqwrite,localfs,3,2500000,0.0547399520874
randwrite,localfs,3,2500000,0.0686439275742
seqread,localfs,3,2500000,0.0467716058095
randread,localfs,3,2500000,0.0375009179115
seqwrite,localfs,3,2500000,0.0544638633728
randwrite,localfs,3,2500000,0.0685424804688
seqread,localfs,3,2500000,0.0468683242798
randread,localfs,3,2500000,0.0376339554787
seqwrite,localfs,3,2500000,0.0549337863922
randwrite,localfs,3,2500000,0.0686588287354
seqread,localfs,3,2500000,0.0470485687256
randread,localfs,3,2500000,0.0373846292496
seqwrite,localfs,3,2500000,0.27401804924
randwrite,localfs,3,2500000,0.178652048111
seqread,localfs,3,2500000,0.120125373205
randread,localfs,3,2500000,0.0924880504608
seqwrite,localfs,3,2500000,0.0558907985687
randwrite,localfs,3,2500000,0.273543477058
seqread,localfs,3,2500000,0.18336669604
randread,localfs,3,2500000,0.140098273754
seqwrite,localfs,3,2500000,0.0574178695679
randwrite,localfs,3,2500000,0.175632357597
seqread,localfs,3,2500000,0.118241945903
randread,localfs,3,2500000,0.0910559296608
seqwrite,berkeleydb,3,2500000,1.12857699394
randwrite,berkeleydb,3,2500000,0.943455934525
seqread,berkeleydb,3,2500000,0.646832625071
randread,berkeleydb,3,2500000,0.501098513603
seqwrite,berkeleydb,3,2500000,0.691561937332
randwrite,berkeleydb,3,2500000,0.741062879562
seqread,berkeleydb,3,2500000,0.64453458786
randread,berkeleydb,3,2500000,0.659355700016
seqwrite,berkeleydb,3,2500000,6.58960986137
randwrite,berkeleydb,3,2500000,6.55832242966
seqread,berkeleydb,3,2500000,4.54675332705
randread,berkeleydb,3,2500000,3.58361899853
seqwrite,berkeleydb,3,2500000,6.79512810707
randwrite,berkeleydb,3,2500000,6.7030005455
seqread,berkeleydb,3,2500000,4.62649766604
randread,berkeleydb,3,2500000,3.64585101604
seqwrite,berkeleydb,3,2500000,6.63268184662
randwrite,berkeleydb,3,2500000,6.58737492561
seqread,berkeleydb,3,2500000,4.57022794088
randread,berkeleydb,3,2500000,3.6014854908
seqwrite,berkeleydb,3,2500000,6.84726786613
randwrite,berkeleydb,3,2500000,6.69543039799
seqread,berkeleydb,3,2500000,4.63819464048
randread,berkeleydb,3,2500000,3.65506923199
seqwrite,berkeleydb,3,2500000,6.89995312691
randwrite,berkeleydb,3,2500000,6.73529958725
seqread,berkeleydb,3,2500000,4.67699106534
randread,berkeleydb,3,2500000,3.68374454975
seqwrite,berkeleydb,3,2500000,6.86032509804
randwrite,berkeleydb,3,2500000,6.92804658413
seqread,berkeleydb,3,2500000,4.78951001167
randread,berkeleydb,3,2500000,3.76569324732
seqwrite,berkeleydb,3,2500000,6.94477796555
randwrite,berkeleydb,3,2500000,6.88073992729
seqread,berkeleydb,3,2500000,4.74928657214
randread,berkeleydb,3,2500000,3.73808795214
seqwrite,berkeleydb,3,2500000,6.91860198975
randwrite,berkeleydb,3,2500000,6.730671525
seqread,berkeleydb,3,2500000,4.66176303228
randread,berkeleydb,3,2500000,3.67535728216
seqwrite,localfs,3,2000000,0.103624105453
randwrite,localfs,3,2000000,0.11206305027
seqread,localfs,3,2000000,0.0756040414174
randread,localfs,3,2000000,0.0829005241394
seqwrite,localfs,3,2000000,0.0633800029755
randwrite,localfs,3,2000000,0.091360449791
seqread,localfs,3,2000000,0.0619966983795
randread,localfs,3,2000000,0.0787902474403
seqwrite,localfs,3,2000000,0.0836079120636
randwrite,localfs,3,2000000,0.321004390717
seqread,localfs,3,2000000,0.215037266413
randread,localfs,3,2000000,0.187755465508
seqwrite,localfs,3,2000000,0.0397629737854
randwrite,localfs,3,2000000,0.0728650093079
seqread,localfs,3,2000000,0.0493767261505
randread,localfs,3,2000000,0.0752038359642
seqwrite,localfs,3,2000000,0.0630900859833
randwrite,localfs,3,2000000,0.0851049423218
seqread,localfs,3,2000000,0.0575113296509
randread,localfs,3,2000000,0.0785560011864
seqwrite,localfs,3,2000000,0.0731508731842
randwrite,localfs,3,2000000,0.0905125141144
seqread,localfs,3,2000000,0.105772733688
randread,localfs,3,2000000,0.0813823342323
seqwrite,localfs,3,2000000,0.0829679965973
randwrite,localfs,3,2000000,0.123839020729
seqread,localfs,3,2000000,0.0838282903035
randread,localfs,3,2000000,0.0886579751968
seqwrite,localfs,3,2000000,0.0517179965973
randwrite,localfs,3,2000000,0.0860525369644
seqread,localfs,3,2000000,0.0582904020945
randread,localfs,3,2000000,0.0755205750465
seqwrite,localfs,3,2000000,0.0732350349426
randwrite,localfs,3,2000000,0.108407497406
seqread,localfs,3,2000000,0.073167959849
randread,localfs,3,2000000,0.0838489532471
seqwrite,localfs,3,2000000,0.0736320018768
randwrite,localfs,3,2000000,0.0901800394058
seqread,localfs,3,2000000,0.0608770052592
randread,localfs,3,2000000,0.0832967758179
seqwrite,berkeleydb,3,2000000,8.76834201813
randwrite,berkeleydb,3,2000000,7.04165410995
seqread,berkeleydb,3,2000000,4.83271002769
randread,berkeleydb,3,2000000,3.74290454388
seqwrite,berkeleydb,3,2000000,5.24988412857
randwrite,berkeleydb,3,2000000,5.25682401657
seqread,berkeleydb,3,2000000,3.6431183815
randread,berkeleydb,3,2000000,2.87834525108
seqwrite,berkeleydb,3,2000000,4.82360100746
randwrite,berkeleydb,3,2000000,2.73118948936
seqread,berkeleydb,3,2000000,1.83684134483
randread,berkeleydb,3,2000000,1.39130401611
seqwrite,berkeleydb,3,2000000,0.571789979935
randwrite,berkeleydb,3,2000000,0.611053943634
seqread,berkeleydb,3,2000000,0.422010580699
randread,berkeleydb,3,2000000,0.329809963703
seqwrite,berkeleydb,3,2000000,0.556922912598
randwrite,berkeleydb,3,2000000,0.590545415878
seqread,berkeleydb,3,2000000,0.408301273982
randread,berkeleydb,3,2000000,0.31927895546
seqwrite,berkeleydb,3,2000000,0.561406850815
randwrite,berkeleydb,3,2000000,0.591869473457
seqread,berkeleydb,3,2000000,0.409291267395
randread,berkeleydb,3,2000000,0.319582223892
seqwrite,berkeleydb,3,2000000,0.565068006516
randwrite,berkeleydb,3,2000000,0.597969412804
seqread,berkeleydb,3,2000000,0.413064241409
randread,berkeleydb,3,2000000,0.323160946369
seqwrite,berkeleydb,3,2000000,0.573281049728
randwrite,berkeleydb,3,2000000,0.712025523186
seqread,berkeleydb,3,2000000,0.489154338837
randread,berkeleydb,3,2000000,0.379963994026
seqwrite,berkeleydb,3,2000000,1.7707529068
randwrite,berkeleydb,3,2000000,3.64320254326
seqread,berkeleydb,3,2000000,2.57614429792
randread,berkeleydb,3,2000000,2.07799172401
seqwrite,berkeleydb,3,2000000,6.19707202911
randwrite,berkeleydb,3,2000000,5.81987953186
seqread,berkeleydb,3,2000000,4.01163935661
randread,berkeleydb,3,2000000,3.1548640132
seqwrite,localfs,3,1500000,0.113970041275
randwrite,localfs,3,1500000,0.115874052048
seqread,localfs,3,1500000,0.0778870582581
randread,localfs,3,1500000,0.0595747828484
seqwrite,localfs,3,1500000,0.0720038414001
randwrite,localfs,3,1500000,0.0735869407654
seqread,localfs,3,1500000,0.0859862963359
randread,localfs,3,1500000,0.0658566951752
seqwrite,localfs,3,1500000,0.0599889755249
randwrite,localfs,3,1500000,0.218629479408
seqread,localfs,3,1500000,0.146594921748
randread,localfs,3,1500000,0.111102938652
seqwrite,localfs,3,1500000,0.0711209774017
randwrite,localfs,3,1500000,0.110840559006
seqread,localfs,3,1500000,0.0746610164642
randread,localfs,3,1500000,0.0573942661285
seqwrite,localfs,3,1500000,0.0812170505524
randwrite,localfs,3,1500000,0.078266620636
seqread,localfs,3,1500000,0.0891404151917
randread,localfs,3,1500000,0.068251311779
seqwrite,localfs,3,1500000,0.0715229511261
randwrite,localfs,3,1500000,0.0678200721741
seqread,localfs,3,1500000,0.0820563634237
randread,localfs,3,1500000,0.0627238154411
seqwrite,localfs,3,1500000,0.061094045639
randwrite,localfs,3,1500000,0.0676385164261
seqread,localfs,3,1500000,0.0456970532735
randread,localfs,3,1500000,0.062938272953
seqwrite,localfs,3,1500000,0.0480871200562
randwrite,localfs,3,1500000,0.0617461204529
seqread,localfs,3,1500000,0.0741600195567
randread,localfs,3,1500000,0.05678576231
seqwrite,localfs,3,1500000,0.0609309673309
randwrite,localfs,3,1500000,0.189852952957
seqread,localfs,3,1500000,0.127268950144
randread,localfs,3,1500000,0.0968282222748
seqwrite,localfs,3,1500000,0.13641500473
randwrite,localfs,3,1500000,0.0934829711914
seqread,localfs,3,1500000,0.0629573663076
randread,localfs,3,1500000,0.0818048119545
seqwrite,berkeleydb,3,1500000,6.84330487251
randwrite,berkeleydb,3,1500000,5.4628469944
seqread,berkeleydb,3,1500000,3.72488530477
randread,berkeleydb,3,1500000,2.91228151321
seqwrite,berkeleydb,3,1500000,4.02106904984
randwrite,berkeleydb,3,1500000,3.97965157032
seqread,berkeleydb,3,1500000,2.7338689963
randread,berkeleydb,3,1500000,2.13976722956
seqwrite,berkeleydb,3,1500000,4.07282614708
randwrite,berkeleydb,3,1500000,4.04721999168
seqread,berkeleydb,3,1500000,2.78123195966
randread,berkeleydb,3,1500000,2.2021677494
seqwrite,berkeleydb,3,1500000,4.75303721428
randwrite,berkeleydb,3,1500000,4.38103413582
seqread,berkeleydb,3,1500000,3.01990739504
randread,berkeleydb,3,1500000,2.35604655743
seqwrite,berkeleydb,3,1500000,4.322453022
randwrite,berkeleydb,3,1500000,4.16526401043
seqread,berkeleydb,3,1500000,2.84812434514
randread,berkeleydb,3,1500000,2.22454375029
seqwrite,berkeleydb,3,1500000,4.09492087364
randwrite,berkeleydb,3,1500000,4.02034044266
seqread,berkeleydb,3,1500000,2.7922826608
randread,berkeleydb,3,1500000,2.18296772242
seqwrite,berkeleydb,3,1500000,4.0410630703
randwrite,berkeleydb,3,1500000,4.02387154102
seqread,berkeleydb,3,1500000,2.79098900159
randread,berkeleydb,3,1500000,2.18185847998
seqwrite,berkeleydb,3,1500000,4.01133489609
randwrite,berkeleydb,3,1500000,4.0227240324
seqread,berkeleydb,3,1500000,2.75723099709
randread,berkeleydb,3,1500000,2.18349349499
seqwrite,berkeleydb,3,1500000,4.32001495361
randwrite,berkeleydb,3,1500000,4.16922593117
seqread,berkeleydb,3,1500000,2.85888226827
randread,berkeleydb,3,1500000,2.25986945629
seqwrite,berkeleydb,3,1500000,4.03512120247
randwrite,berkeleydb,3,1500000,4.01101207733
seqread,berkeleydb,3,1500000,2.74117676417
randread,berkeleydb,3,1500000,2.14719730616
seqwrite,localfs,3,1000000,0.111806869507
randwrite,localfs,3,1000000,0.0588853359222
seqread,localfs,3,1000000,0.0397245883942
randread,localfs,3,1000000,0.0547669529915
seqwrite,localfs,3,1000000,0.00604796409607
randwrite,localfs,3,1000000,0.0327814817429
seqread,localfs,3,1000000,0.0222380161285
randread,localfs,3,1000000,0.0447614789009
seqwrite,localfs,3,1000000,0.00454306602478
randwrite,localfs,3,1000000,0.0269280672073
seqread,localfs,3,1000000,0.0183900197347
randread,localfs,3,1000000,0.0418935418129
seqwrite,localfs,3,1000000,0.00467300415039
randwrite,localfs,3,1000000,0.0271204710007
seqread,localfs,3,1000000,0.0186565717061
randread,localfs,3,1000000,0.0420501828194
seqwrite,localfs,3,1000000,0.00456714630127
randwrite,localfs,3,1000000,0.0270055532455
seqread,localfs,3,1000000,0.0183976491292
randread,localfs,3,1000000,0.0418714880943
seqwrite,localfs,3,1000000,0.00441098213196
randwrite,localfs,3,1000000,0.0269734859467
seqread,localfs,3,1000000,0.0184193452199
randread,localfs,3,1000000,0.0147037506104
seqwrite,localfs,3,1000000,0.113151073456
randwrite,localfs,3,1000000,0.0814380645752
seqread,localfs,3,1000000,0.0546533266703
randread,localfs,3,1000000,0.0419290065765
seqwrite,localfs,3,1000000,0.112936019897
randwrite,localfs,3,1000000,0.0816611051559
seqread,localfs,3,1000000,0.0548090934753
randread,localfs,3,1000000,0.0661970376968
seqwrite,localfs,3,1000000,0.00433206558228
randwrite,localfs,3,1000000,0.0327744483948
seqread,localfs,3,1000000,0.0222946802775
randread,localfs,3,1000000,0.0175700187683
seqwrite,localfs,3,1000000,0.101577043533
randwrite,localfs,3,1000000,0.0755325555801
seqread,localfs,3,1000000,0.0507187048594
randread,localfs,3,1000000,0.0389357805252
seqwrite,berkeleydb,3,1000000,4.61541199684
randwrite,berkeleydb,3,1000000,3.63914704323
seqread,berkeleydb,3,1000000,2.49807095528
randread,berkeleydb,3,1000000,1.93216496706
seqwrite,berkeleydb,3,1000000,2.78775000572
randwrite,berkeleydb,3,1000000,2.84234249592
seqread,berkeleydb,3,1000000,1.93397331238
randread,berkeleydb,3,1000000,1.53820472956
seqwrite,berkeleydb,3,1000000,2.64518809319
randwrite,berkeleydb,3,1000000,2.66191697121
seqread,berkeleydb,3,1000000,1.8057967027
randread,berkeleydb,3,1000000,1.41503578424
seqwrite,berkeleydb,3,1000000,2.67628908157
randwrite,berkeleydb,3,1000000,2.65740156174
seqread,berkeleydb,3,1000000,1.81943734487
randread,berkeleydb,3,1000000,1.44923871756
seqwrite,berkeleydb,3,1000000,2.7272439003
randwrite,berkeleydb,3,1000000,2.69330644608
seqread,berkeleydb,3,1000000,1.8510026137
randread,berkeleydb,3,1000000,1.44908517599
seqwrite,berkeleydb,3,1000000,2.75568795204
randwrite,berkeleydb,3,1000000,2.70321798325
seqread,berkeleydb,3,1000000,1.85425925255
randread,berkeleydb,3,1000000,1.45111691952
seqwrite,berkeleydb,3,1000000,2.69163680077
randwrite,berkeleydb,3,1000000,2.6463804245
seqread,berkeleydb,3,1000000,1.82850527763
randread,berkeleydb,3,1000000,1.42903995514
seqwrite,berkeleydb,3,1000000,2.76351118088
randwrite,berkeleydb,3,1000000,2.70925104618
seqread,berkeleydb,3,1000000,1.85369809469
randread,berkeleydb,3,1000000,1.47822833061
seqwrite,berkeleydb,3,1000000,2.13183617592
randwrite,berkeleydb,3,1000000,1.23538911343
seqread,berkeleydb,3,1000000,0.830907742182
randread,berkeleydb,3,1000000,0.629918038845
seqwrite,berkeleydb,3,1000000,0.307381153107
randwrite,berkeleydb,3,1000000,0.317083001137
seqread,berkeleydb,3,1000000,0.218558708827
randread,berkeleydb,3,1000000,0.170566558838
seqwrite,localfs,3,500000,0.00201201438904
randwrite,localfs,3,500000,0.00264203548431
seqread,localfs,3,500000,0.002006371816
randread,localfs,3,500000,0.00191748142242
seqwrite,localfs,3,500000,0.0143818855286
randwrite,localfs,3,500000,0.0171145200729
seqread,localfs,3,500000,0.0115980307261
randread,localfs,3,500000,0.00911974906921
seqwrite,localfs,3,500000,0.0128879547119
randwrite,localfs,3,500000,0.0162085294724
seqread,localfs,3,500000,0.0109910170237
randread,localfs,3,500000,0.00863355398178
seqwrite,localfs,3,500000,0.0142269134521
randwrite,localfs,3,500000,0.0169534683228
seqread,localfs,3,500000,0.0115742683411
randread,localfs,3,500000,0.00910073518753
seqwrite,localfs,3,500000,0.0133991241455
randwrite,localfs,3,500000,0.0164775848389
seqread,localfs,3,500000,0.0112964312236
randread,localfs,3,500000,0.00893354415894
seqwrite,localfs,3,500000,0.0140969753265
randwrite,localfs,3,500000,0.0165359973907
seqread,localfs,3,500000,0.0115049680074
randread,localfs,3,500000,0.00903624296188
seqwrite,localfs,3,500000,0.0150129795074
randwrite,localfs,3,500000,0.0180214643478
seqread,localfs,3,500000,0.0124820073446
randread,localfs,3,500000,0.00979870557785
seqwrite,localfs,3,500000,0.0130839347839
randwrite,localfs,3,500000,0.0166839361191
seqread,localfs,3,500000,0.0113125642141
randread,localfs,3,500000,0.00887989997864
seqwrite,localfs,3,500000,0.0140290260315
randwrite,localfs,3,500000,0.017054438591
seqread,localfs,3,500000,0.0115779240926
randread,localfs,3,500000,0.00909167528152
seqwrite,localfs,3,500000,0.0160529613495
randwrite,localfs,3,500000,0.0176393985748
seqread,localfs,3,500000,0.012094895045
randread,localfs,3,500000,0.00948143005371
seqwrite,berkeleydb,3,500000,0.247177124023
randwrite,berkeleydb,3,500000,0.20692551136
seqread,berkeleydb,3,500000,0.141578038534
randread,berkeleydb,3,500000,0.10937333107
seqwrite,berkeleydb,3,500000,0.163606882095
randwrite,berkeleydb,3,500000,0.162639379501
seqread,berkeleydb,3,500000,0.112037579219
randread,berkeleydb,3,500000,0.0871019363403
seqwrite,berkeleydb,3,500000,0.160209178925
randwrite,berkeleydb,3,500000,0.165127158165
seqread,berkeleydb,3,500000,0.113691488902
randread,berkeleydb,3,500000,0.0887181162834
seqwrite,berkeleydb,3,500000,0.155997037888
randwrite,berkeleydb,3,500000,0.160043597221
seqread,berkeleydb,3,500000,0.110510110855
randread,berkeleydb,3,500000,0.0860713720322
seqwrite,berkeleydb,3,500000,0.199405193329
randwrite,berkeleydb,3,500000,0.181679606438
seqread,berkeleydb,3,500000,0.124709765116
randread,berkeleydb,3,500000,0.096795797348
seqwrite,berkeleydb,3,500000,0.156342029572
randwrite,berkeleydb,3,500000,0.161442518234
seqread,berkeleydb,3,500000,0.111400604248
randread,berkeleydb,3,500000,0.0867959856987
seqwrite,berkeleydb,3,500000,0.163012981415
randwrite,berkeleydb,3,500000,0.164822936058
seqread,berkeleydb,3,500000,0.113552252452
randread,berkeleydb,3,500000,0.0885081887245
seqwrite,berkeleydb,3,500000,0.158300161362
randwrite,berkeleydb,3,500000,0.164458036423
seqread,berkeleydb,3,500000,0.11349606514
randread,berkeleydb,3,500000,0.0883810520172
seqwrite,berkeleydb,3,500000,0.166163921356
randwrite,berkeleydb,3,500000,0.166315436363
seqread,berkeleydb,3,500000,0.114707628886
randread,berkeleydb,3,500000,0.0893077254295
seqwrite,berkeleydb,3,500000,0.161817073822
randwrite,berkeleydb,3,500000,0.162255525589
seqread,berkeleydb,3,500000,0.112203041712
randread,berkeleydb,3,500000,0.0876122713089
